period,product_group,partner_name,iso3,region,trade_value_usd
2023-01,电动载人汽车,美国,USA,北美,209000000.0
2023-01,电动载人汽车,德国,DEU,欧洲,321103589.88
2023-01,电动载人汽车,荷兰,NLD,欧洲,194697332.54
2023-01,电动载人汽车,英国,GBR,欧洲,272638205.19
2023-01,电动载人汽车,日本,JPN,亚洲,190975855.47
2023-01,电动载人汽车,韩国,KOR,亚洲,127222395.38
2023-01,电动载人汽车,越南,VNM,亚洲,201582613.7
2023-01,电动载人汽车,泰国,THA,亚洲,140244038.68
2023-01,电动载人汽车,巴西,BRA,拉美,86665759.5
2023-01,电动载人汽车,墨西哥,MEX,拉美,138911007.15
2023-01,电动载人汽车,澳大利亚,AUS,大洋洲,97511528.19
2023-01,电动载人汽车,沙特阿拉伯,SAU,中东,62948011.03
2023-01,锂离子蓄电池,美国,USA,北美,446548551.79
2023-01,锂离子蓄电池,德国,DEU,欧洲,599276191.77
2023-01,锂离子蓄电池,荷兰,NLD,欧洲,386127173.19
2023-01,锂离子蓄电池,英国,GBR,欧洲,236308333.72
2023-01,锂离子蓄电池,日本,JPN,亚洲,361535428.31
2023-01,锂离子蓄电池,韩国,KOR,亚洲,257350924.67
2023-01,锂离子蓄电池,越南,VNM,亚洲,165843659.83
2023-01,锂离子蓄电池,泰国,THA,亚洲,268338573.64
2023-01,锂离子蓄电池,巴西,BRA,拉美,179961336.2
2023-01,锂离子蓄电池,墨西哥,MEX,拉美,108342115.78
2023-01,锂离子蓄电池,澳大利亚,AUS,大洋洲,190103113.75
2023-01,锂离子蓄电池,沙特阿拉伯,SAU,中东,134755221.11
2023-01,太阳能电池,美国,USA,北美,291251139.47
2023-01,太阳能电池,德国,DEU,欧洲,170490662.9
2023-01,太阳能电池,荷兰,NLD,欧洲,239718732.69
2023-01,太阳能电池,英国,GBR,欧洲,156903162.38
2023-01,太阳能电池,日本,JPN,亚洲,97817100.52
2023-01,太阳能电池,韩国,KOR,亚洲,162131195.67
2023-01,太阳能电池,越南,VNM,亚洲,113311530.19
2023-01,太阳能电池,泰国,THA,亚洲,68730265.03
2023-01,太阳能电池,巴西,BRA,拉美,115064583.43
2023-01,太阳能电池,墨西哥,MEX,拉美,76097627.27
2023-01,太阳能电池,澳大利亚,AUS,大洋洲,116546095.03
2023-01,太阳能电池,沙特阿拉伯,SAU,中东,87749252.91
2023-02,电动载人汽车,美国,USA,北美,215138643.83
2023-02,电动载人汽车,德国,DEU,欧洲,325117853.0
2023-02,电动载人汽车,荷兰,NLD,欧洲,200285692.64
2023-02,电动载人汽车,英国,GBR,欧洲,290746434.25
2023-02,电动载人汽车,日本,JPN,亚洲,208252087.94
2023-02,电动载人汽车,韩国,KOR,亚洲,137289297.02
2023-02,电动载人汽车,越南,VNM,亚洲,210894815.45
2023-02,电动载人汽车,泰国,THA,亚洲,143315334.53
2023-02,电动载人汽车,巴西,BRA,拉美,89138769.92
2023-02,电动载人汽车,墨西哥,MEX,拉美,147724204.32
2023-02,电动载人汽车,澳大利亚,AUS,大洋洲,106794612.9
2023-02,电动载人汽车,沙特阿拉伯,SAU,中东,68859066.98
2023-02,锂离子蓄电池,美国,USA,北美,434810926.0
2023-02,锂离子蓄电池,德国,DEU,欧洲,573506257.28
2023-02,锂离子蓄电池,荷兰,NLD,欧洲,374735384.47
2023-02,锂离子蓄电池,英国,GBR,欧洲,237447457.42
2023-02,锂离子蓄电池,日本,JPN,亚洲,371705676.51
2023-02,锂离子蓄电池,韩国,KOR,亚洲,262327603.49
2023-02,锂离子蓄电池,越南,VNM,亚洲,164108449.18
2023-02,锂离子蓄电池,泰国,THA,亚洲,259283406.12
2023-02,锂离子蓄电池,巴西,BRA,拉美,174719562.65
2023-02,锂离子蓄电池,墨西哥,MEX,拉美,108581255.09
2023-02,锂离子蓄电池,澳大利亚,AUS,大洋洲,196227093.85
2023-02,锂离子蓄电池,沙特阿拉伯,SAU,中东,139165633.7
2023-02,太阳能电池,美国,USA,北美,270600463.63
2023-02,太阳能电池,德国,DEU,欧洲,155292079.8
2023-02,太阳能电池,荷兰,NLD,欧洲,221326261.87
2023-02,太阳能电池,英国,GBR,欧洲,150324034.2
2023-02,太阳能电池,日本,JPN,亚洲,96142925.4
2023-02,太阳能电池,韩国,KOR,亚洲,158088703.17
2023-02,太阳能电池,越南,VNM,亚洲,107068952.02
2023-02,太阳能电池,泰国,THA,亚洲,63246648.29
2023-02,太阳能电池,巴西,BRA,拉美,106258693.61
2023-02,太阳能电池,墨西哥,MEX,拉美,72658183.59
2023-02,太阳能电池,澳大利亚,AUS,大洋洲,114935990.1
2023-02,太阳能电池,沙特阿拉伯,SAU,中东,86693518.51
2023-03,电动载人汽车,美国,USA,北美,212168085.89
2023-03,电动载人汽车,德国,DEU,欧洲,325395965.31
2023-03,电动载人汽车,荷兰,NLD,欧洲,207579217.9
2023-03,电动载人汽车,英国,GBR,欧洲,308141521.94
2023-03,电动载人汽车,日本,JPN,亚洲,218655803.05
2023-03,电动载人汽车,韩国,KOR,亚洲,139898632.48
2023-03,电动载人汽车,越南,VNM,亚洲,209947441.6
2023-03,电动载人汽车,泰国,THA,亚洲,143467748.16
2023-03,电动载人汽车,巴西,BRA,拉美,92148308.25
2023-03,电动载人汽车,墨西哥,MEX,拉美,157218816.24
2023-03,电动载人汽车,澳大利亚,AUS,大洋洲,113624369.4
2023-03,电动载人汽车,沙特阿拉伯,SAU,中东,71342817.53
2023-03,锂离子蓄电池,美国,USA,北美,404361219.5
2023-03,锂离子蓄电池,德国,DEU,欧洲,540622717.24
2023-03,锂离子蓄电池,荷兰,NLD,欧洲,366022193.79
2023-03,锂离子蓄电池,英国,GBR,欧洲,237590790.85
2023-03,锂离子蓄电池,日本,JPN,亚洲,368938087.28
2023-03,锂离子蓄电池,韩国,KOR,亚洲,252622841.33
2023-03,锂离子蓄电池,越南,VNM,亚洲,154139141.94
2023-03,锂离子蓄电池,泰国,THA,亚洲,244511796.62
2023-03,锂离子蓄电池,巴西,BRA,拉美,170159737.91
2023-03,锂离子蓄电池,墨西哥,MEX,拉美,109044655.05
2023-03,锂离子蓄电池,澳大利亚,AUS,大洋洲,197317461.09
2023-03,锂离子蓄电池,沙特阿拉伯,SAU,中东,136296575.92
2023-03,太阳能电池,美国,USA,北美,244043703.1
2023-03,太阳能电池,德国,DEU,欧洲,142032360.04
2023-03,太阳能电池,荷兰,NLD,欧洲,210524371.67
2023-03,太阳能电池,英国,GBR,欧洲,146934069.61
2023-03,太阳能电池,日本,JPN,亚洲,93189388.75
2023-03,太阳能电池,韩国,KOR,亚洲,148213750.25
2023-03,太阳能电池,越南,VNM,亚洲,97579814.43
2023-03,太阳能电池,泰国,THA,亚洲,57836664.55
2023-03,太阳能电池,巴西,BRA,拉美,100659020.58
2023-03,太阳能电池,墨西哥,MEX,拉美,71238135.77
2023-03,太阳能电池,澳大利亚,AUS,大洋洲,112915231.92
2023-03,太阳能电池,沙特阿拉伯,SAU,中东,82745253.0
2023-04,电动载人汽车,美国,USA,北美,205894379.4
2023-04,电动载人汽车,德国,DEU,欧洲,326951565.77
2023-04,电动载人汽车,荷兰,NLD,欧洲,213428456.59
2023-04,电动载人汽车,英国,GBR,欧洲,314134290.97
2023-04,电动载人汽车,日本,JPN,亚洲,216388236.44
2023-04,电动载人汽车,韩国,KOR,亚洲,135179649.58
2023-04,电动载人汽车,越南,VNM,亚洲,203819993.48
2023-04,电动载人汽车,泰国,THA,亚洲,143776263.57
2023-04,电动载人汽车,巴西,BRA,拉美,95118763.74
2023-04,电动载人汽车,墨西哥,MEX,拉美,162380197.13
2023-04,电动载人汽车,澳大利亚,AUS,大洋洲,114331134.26
2023-04,电动载人汽车,沙特阿拉伯,SAU,中东,69775703.66
2023-04,锂离子蓄电池,美国,USA,北美,373051309.82
2023-04,锂离子蓄电池,德国,DEU,欧洲,517651073.27
2023-04,锂离子蓄电池,荷兰,NLD,欧洲,359602130.53
2023-04,锂离子蓄电池,英国,GBR,欧洲,231563595.01
2023-04,锂离子蓄电池,日本,JPN,亚洲,348405105.07
2023-04,锂离子蓄电池,韩国,KOR,亚洲,232291216.52
2023-04,锂离子蓄电池,越南,VNM,亚洲,142230346.59
2023-04,锂离子蓄电池,泰国,THA,亚洲,233310492.8
2023-04,锂离子蓄电池,巴西,BRA,拉美,167731572.53
2023-04,锂离子蓄电池,墨西哥,MEX,拉美,107687011.06
2023-04,锂离子蓄电池,澳大利亚,AUS,大洋洲,189594773.75
2023-04,锂离子蓄电池,沙特阿拉伯,SAU,中东,126946041.0
2023-04,太阳能电池,美国,USA,北美,225076721.92
2023-04,太阳能电池,德国,DEU,欧洲,136554556.99
2023-04,太阳能电池,荷兰,NLD,欧洲,208243541.89
2023-04,太阳能电池,英国,GBR,欧洲,143984261.38
2023-04,太阳能电池,日本,JPN,亚洲,88145224.75
2023-04,太阳能电池,韩国,KOR,亚洲,136079430.3
2023-04,太阳能电池,越南,VNM,亚洲,89934676.94
2023-04,太阳能电池,泰国,THA,亚洲,55341932.28
2023-04,太阳能电池,巴西,BRA,拉美,99863475.56
2023-04,太阳能电池,墨西哥,MEX,拉美,70787001.29
2023-04,太阳能电池,澳大利亚,AUS,大洋洲,108795840.52
2023-04,太阳能电池,沙特阿拉伯,SAU,中东,77001099.02
2023-05,电动载人汽车,美国,USA,北美,201203711.7
2023-05,电动载人汽车,德国,DEU,欧洲,327349180.55
2023-05,电动载人汽车,荷兰,NLD,欧洲,211974576.09
2023-05,电动载人汽车,英国,GBR,欧洲,302678609.28
2023-05,电动载人汽车,日本,JPN,亚洲,203327180.34
2023-05,电动载人汽车,韩国,KOR,亚洲,127523683.35
2023-05,电动载人汽车,越南,VNM,亚洲,198587981.06
2023-05,电动载人汽车,泰国,THA,亚洲,144473926.56
2023-05,电动载人汽车,巴西,BRA,拉美,95708931.61
2023-05,电动载人汽车,墨西哥,MEX,拉美,159125113.08
2023-05,电动载人汽车,澳大利亚,AUS,大洋洲,108776185.6
2023-05,电动载人汽车,沙特阿拉伯,SAU,中东,66013268.8
2023-05,锂离子蓄电池,美国,USA,北美,355165125.95
2023-05,锂离子蓄电池,德国,DEU,欧洲,506503786.72
2023-05,锂离子蓄电池,荷兰,NLD,欧洲,348894699.87
2023-05,锂离子蓄电池,英国,GBR,欧洲,217270025.74
2023-05,锂离子蓄电池,日本,JPN,亚洲,317727651.36
2023-05,锂离子蓄电池,韩国,KOR,亚洲,212558454.87
2023-05,锂离子蓄电池,越南,VNM,亚洲,134848187.77
2023-05,锂离子蓄电池,泰国,THA,亚洲,228984237.89
2023-05,锂离子蓄电池,巴西,BRA,拉美,164949231.38
2023-05,锂离子蓄电池,墨西哥,MEX,拉美,102869407.49
2023-05,锂离子蓄电池,澳大利亚,AUS,大洋洲,175204716.0
2023-05,锂离子蓄电池,沙特阿拉伯,SAU,中东,116466631.18
2023-05,太阳能电池,美国,USA,北美,222489919.11
2023-05,太阳能电池,德国,DEU,欧洲,138911134.37
2023-05,太阳能电池,荷兰,NLD,欧洲,209558208.42
2023-05,太阳能电池,英国,GBR,欧洲,139628748.84
2023-05,太阳能电池,日本,JPN,亚洲,82928071.38
2023-05,太阳能电池,韩国,KOR,亚洲,128655459.75
2023-05,太阳能电池,越南,VNM,亚洲,88442679.51
2023-05,太阳能电池,泰国,THA,亚洲,56471783.46
2023-05,太阳能电池,巴西,BRA,拉美,101954157.27
2023-05,太阳能电池,墨西哥,MEX,拉美,69954056.3
2023-05,太阳能电池,澳大利亚,AUS,大洋洲,103743249.26
2023-05,太阳能电池,沙特阿拉伯,SAU,中东,72933927.68
2023-06,电动载人汽车,美国,USA,北美,198007848.94
2023-06,电动载人汽车,德国,DEU,欧洲,319577177.35
2023-06,电动载人汽车,荷兰,NLD,欧洲,200480282.7
2023-06,电动载人汽车,英国,GBR,欧洲,278693790.93
2023-06,电动载人汽车,日本,JPN,亚洲,187865685.29
2023-06,电动载人汽车,韩国,KOR,亚洲,121861045.03
2023-06,电动载人汽车,越南,VNM,亚洲,196078585.72
2023-06,电动载人汽车,泰国,THA,亚洲,142916442.39
2023-06,电动载人汽车,巴西,BRA,拉美,92106939.31
2023-06,电动载人汽车,墨西哥,MEX,拉美,148414112.06
2023-06,电动载人汽车,澳大利亚,AUS,大洋洲,100787879.24
2023-06,电动载人汽车,沙特阿拉伯,SAU,中东,62853957.59
2023-06,锂离子蓄电池,美国,USA,北美,352249288.82
2023-06,锂离子蓄电池,德国,DEU,欧洲,497594448.53
2023-06,锂离子蓄电池,荷兰,NLD,欧洲,330788729.34
2023-06,锂离子蓄电池,英国,GBR,欧洲,199934270.06
2023-06,锂离子蓄电池,日本,JPN,亚洲,293519875.49
2023-06,锂离子蓄电池,韩国,KOR,亚洲,203905537.28
2023-06,锂离子蓄电池,越南,VNM,亚洲,134137587.49
2023-06,锂离子蓄电池,泰国,THA,亚洲,228121780.66
2023-06,锂离子蓄电池,巴西,BRA,拉美,159314167.77
2023-06,锂离子蓄电池,墨西哥,MEX,拉美,95946374.86
2023-06,锂离子蓄电池,澳大利亚,AUS,大洋洲,162220224.12
2023-06,锂离子蓄电池,沙特阿拉伯,SAU,中东,111174732.2
2023-06,太阳能电池,美国,USA,北美,234479030.57
2023-06,太阳能电池,德国,DEU,欧洲,144622090.66
2023-06,太阳能电池,荷兰,NLD,欧洲,210120984.27
2023-06,太阳能电池,英国,GBR,欧洲,135917013.93
2023-06,太阳能电池,日本,JPN,亚洲,81233003.7
2023-06,太阳能电池,韩国,KOR,亚洲,131196073.45
2023-06,太阳能电池,越南,VNM,亚洲,93531757.24
2023-06,太阳能电池,泰国,THA,亚洲,59669087.71
2023-06,太阳能电池,巴西,BRA,拉美,104180742.8
2023-06,太阳能电池,墨西哥,MEX,拉美,68996068.68
2023-06,太阳能电池,澳大利亚,AUS,大洋洲,101769233.2
2023-06,太阳能电池,沙特阿拉伯,SAU,中东,73966302.01
2023-07,电动载人汽车,美国,USA,北美,192711516.86
2023-07,电动载人汽车,德国,DEU,欧洲,300730005.97
2023-07,电动载人汽车,荷兰,NLD,欧洲,183335796.58
2023-07,电动载人汽车,英国,GBR,欧洲,255732539.25
2023-07,电动载人汽车,日本,JPN,亚洲,178648394.77
2023-07,电动载人汽车,韩国,KOR,亚洲,119980994.26
2023-07,电动载人汽车,越南,VNM,亚洲,193435109.11
2023-07,电动载人汽车,泰国,THA,亚洲,136930788.87
2023-07,电动载人汽车,巴西,BRA,拉美,85355253.64
2023-07,电动载人汽车,墨西哥,MEX,拉美,136539673.81
2023-07,电动载人汽车,澳大利亚,AUS,大洋洲,95430325.8
2023-07,电动载人汽车,沙特阿拉伯,SAU,中东,61893779.96
2023-07,锂离子蓄电池,美国,USA,北美,355766277.29
2023-07,锂离子蓄电池,德国,DEU,欧洲,484252230.4
2023-07,锂离子蓄电池,荷兰,NLD,欧洲,312316479.67
2023-07,锂离子蓄电池,英国,GBR,欧洲,189721556.19
2023-07,锂离子蓄电池,日本,JPN,亚洲,289748487.87
2023-07,锂离子蓄电池,韩国,KOR,亚洲,208861181.28
2023-07,锂离子蓄电池,越南,VNM,亚洲,137451041.99
2023-07,锂离子蓄电池,泰国,THA,亚洲,226240839.7
2023-07,锂离子蓄电池,巴西,BRA,拉美,152453082.38
2023-07,锂离子蓄电池,墨西哥,MEX,拉美,91208904.0
2023-07,锂离子蓄电池,澳大利亚,AUS,大洋洲,159270740.54
2023-07,锂离子蓄电池,沙特阿拉伯,SAU,中东,113866489.58
2023-07,太阳能电池,美国,USA,北美,251296919.54
2023-07,太阳能电池,德国,DEU,欧洲,149379371.01
2023-07,太阳能电池,荷兰,NLD,欧洲,211029274.87
2023-07,太阳能电池,英国,GBR,欧洲,137513180.97
2023-07,太阳能电池,日本,JPN,亚洲,85509782.16
2023-07,太阳能电池,韩国,KOR,亚洲,142988195.2
2023-07,太阳能电池,越南,VNM,亚洲,101739281.59
2023-07,太阳能电池,泰国,THA,亚洲,62788479.38
2023-07,太阳能电池,巴西,BRA,拉美,105967244.41
2023-07,太阳能电池,墨西哥,MEX,拉美,69895606.38
2023-07,太阳能电池,澳大利亚,AUS,大洋洲,106575063.98
2023-07,太阳能电池,沙特阿拉伯,SAU,中东,80667624.89
2023-08,电动载人汽车,美国,USA,北美,183533031.8
2023-08,电动载人汽车,德国,DEU,欧洲,277956888.67
2023-08,电动载人汽车,荷兰,NLD,欧洲,170128558.4
2023-08,电动载人汽车,英国,GBR,欧洲,246471622.61
2023-08,电动载人汽车,日本,JPN,亚洲,178559476.65
2023-08,电动载人汽车,韩国,KOR,亚洲,120093202.8
2023-08,电动载人汽车,越南,VNM,亚洲,187676200.37
2023-08,电动载人汽车,泰国,THA,亚洲,128280519.86
2023-08,电动载人汽车,巴西,BRA,拉美,79381600.37
2023-08,电动载人汽车,墨西哥,MEX,拉美,130939216.86
2023-08,电动载人汽车,澳大利亚,AUS,大洋洲,95372361.32
2023-08,电动载人汽车,沙特阿拉伯,SAU,中东,62651906.2
2023-08,锂离子蓄电池,美国,USA,北美,358052030.19
2023-08,锂离子蓄电池,德国,DEU,欧洲,473190799.62
2023-08,锂离子蓄电池,荷兰,NLD,欧洲,307144571.04
2023-08,锂离子蓄电池,英国,GBR,欧洲,194235804.31
2023-08,锂离子蓄电池,日本,JPN,亚洲,307602799.54
2023-08,锂离子蓄电池,韩国,KOR,亚洲,221511319.37
2023-08,锂离子蓄电池,越南,VNM,亚洲,140974448.53
2023-08,锂离子蓄电池,泰国,THA,亚洲,223991522.64
2023-08,锂离子蓄电池,巴西,BRA,拉美,150140717.28
2023-08,锂离子蓄电池,墨西哥,MEX,拉美,92868200.12
2023-08,锂离子蓄电池,澳大利亚,AUS,大洋洲,169122880.61
2023-08,锂离子蓄电池,沙特阿拉伯,SAU,中东,122225271.21
2023-08,太阳能电池,美国,USA,北美,263728772.49
2023-08,太阳能电池,德国,DEU,欧洲,152715736.71
2023-08,太阳能电池,荷兰,NLD,欧洲,217413503.58
2023-08,太阳能电池,英国,GBR,欧洲,147146404.06
2023-08,太阳能电池,日本,JPN,亚洲,94541193.82
2023-08,太阳能电池,韩国,KOR,亚洲,157721481.79
2023-08,太阳能电池,越南,VNM,亚洲,108714288.92
2023-08,太阳能电池,泰国,THA,亚洲,64981870.9
2023-08,太阳能电池,巴西,BRA,拉美,109326637.85
2023-08,太阳能电池,墨西哥,MEX,拉美,74453845.84
2023-08,太阳能电池,澳大利亚,AUS,大洋洲,117964448.48
2023-08,太阳能电池,沙特阿拉伯,SAU,中东,90061200.23
2023-09,电动载人汽车,美国,USA,北美,174261160.39
2023-09,电动载人汽车,德国,DEU,欧洲,265278641.43
2023-09,电动载人汽车,荷兰,NLD,欧洲,168930303.82
2023-09,电动载人汽车,英国,GBR,欧洲,253945184.7
2023-09,电动载人汽车,日本,JPN,亚洲,184022765.98
2023-09,电动载人汽车,韩国,KOR,亚洲,119774003.47
2023-09,电动载人汽车,越南,VNM,亚洲,180602996.95
2023-09,电动载人汽车,泰国,THA,亚洲,122644290.12
2023-09,电动载人汽车,巴西,BRA,拉美,78394710.82
2023-09,电动载人汽车,墨西哥,MEX,拉美,134899784.18
2023-09,电动载人汽车,澳大利亚,AUS,大洋洲,99446150.71
2023-09,电动载人汽车,沙特阿拉伯,SAU,中东,63662801.57
2023-09,锂离子蓄电池,美国,USA,北美,360671191.72
2023-09,锂离子蓄电池,德国,DEU,欧洲,480204885.5
2023-09,锂离子蓄电池,荷兰,NLD,欧洲,324261339.63
2023-09,锂离子蓄电池,英国,GBR,欧洲,212275540.26
2023-09,锂离子蓄电池,日本,JPN,亚洲,335492407.08
2023-09,锂离子蓄电池,韩国,KOR,亚洲,233737033.58
2023-09,锂离子蓄电池,越南,VNM,亚洲,143812918.49
2023-09,锂离子蓄电池,泰国,THA,亚洲,227602433.73
2023-09,锂离子蓄电池,巴西,BRA,拉美,157698471.27
2023-09,锂离子蓄电池,墨西哥,MEX,拉美,101564806.56
2023-09,锂离子蓄电池,澳大利亚,AUS,大洋洲,186718980.28
2023-09,锂离子蓄电池,沙特阿拉伯,SAU,中东,131378069.57
2023-09,太阳能电池,美国,USA,北美,269730476.99
2023-09,太阳能电池,德国,DEU,欧洲,157347932.91
2023-09,太阳能电池,荷兰,NLD,欧洲,232148440.89
2023-09,太阳能电池,英国,GBR,欧洲,162039288.54
2023-09,太阳能电池,日本,JPN,亚洲,103897536.81
2023-09,太阳能电池,韩国,KOR,亚洲,168233574.0
2023-09,太阳能电池,越南,VNM,亚洲,112524347.42
2023-09,太阳能电池,泰国,THA,亚洲,67069407.24
2023-09,太阳能电池,巴西,BRA,拉美,116291111.21
2023-09,太阳能电池,墨西哥,MEX,拉美,82110178.99
2023-09,太阳能电池,澳大利亚,AUS,大洋洲,131174589.16
2023-09,太阳能电池,沙特阿拉伯,SAU,中东,97749307.92
2023-10,电动载人汽车,美国,USA,北美,172392332.58
2023-10,电动载人汽车,德国,DEU,欧洲,273200888.87
2023-10,电动载人汽车,荷兰,NLD,欧洲,180381512.13
2023-10,电动载人汽车,英国,GBR,欧洲,270858988.42
2023-10,电动载人汽车,日本,JPN,亚洲,189811755.49
2023-10,电动载人汽车,韩国,KOR,亚洲,119268436.27
2023-10,电动载人汽车,越南,VNM,亚洲,178914754.29
2023-10,电动载人汽车,泰国,THA,亚洲,125617872.03
2023-10,电动载人汽车,巴西,BRA,拉美,83730858.89
2023-10,电动载人汽车,墨西哥,MEX,拉美,145630512.87
2023-10,电动载人汽车,澳大利亚,AUS,大洋洲,104515617.86
2023-10,电动载人汽车,沙特阿拉伯,SAU,中东,64392471.9
2023-10,锂离子蓄电池,美国,USA,北美,372122957.32
2023-10,锂离子蓄电池,德国,DEU,欧洲,514493947.38
2023-10,锂离子蓄电池,荷兰,NLD,欧洲,358896298.01
2023-10,锂离子蓄电池,英国,GBR,欧洲,234401327.71
2023-10,锂离子蓄电池,日本,JPN,亚洲,358938508.3
2023-10,锂离子蓄电池,韩国,KOR,亚洲,242247057.71
2023-10,锂离子蓄电池,越南,VNM,亚洲,148591412.06
2023-10,锂离子蓄电池,泰国,THA,亚洲,242767494.04
2023-10,锂离子蓄电池,巴西,BRA,拉美,174746202.97
2023-10,锂离子蓄电池,墨西哥,MEX,拉美,113512036.56
2023-10,锂离子蓄电池,澳大利亚,AUS,大洋洲,203387098.94
2023-10,锂离子蓄电池,沙特阿拉伯,SAU,中东,138171790.33
2023-10,太阳能电池,美国,USA,北美,273636908.58
2023-10,太阳能电池,德国,DEU,欧洲,165094876.14
2023-10,太阳能电池,荷兰,NLD,欧洲,250888575.92
2023-10,太阳能电池,英国,GBR,欧洲,174886296.96
2023-10,太阳能电池,日本,JPN,亚洲,109035515.98
2023-10,太阳能电池,韩国,KOR,亚洲,171557406.89
2023-10,太阳能电池,越南,VNM,亚洲,114398194.18
2023-10,太阳能电池,泰国,THA,亚洲,70144853.66
2023-10,太阳能电池,巴西,BRA,拉美,125884998.77
2023-10,太阳能电池,墨西哥,MEX,拉美,89636004.84
2023-10,太阳能电池,澳大利亚,AUS,大洋洲,140002054.71
2023-10,太阳能电池,沙特阿拉伯,SAU,中东,101086101.71
2023-11,电动载人汽车,美国,USA,北美,182872735.42
2023-11,电动载人汽车,德国,DEU,欧洲,299952485.64
2023-11,电动载人汽车,荷兰,NLD,欧洲,197632482.18
2023-11,电动载人汽车,英国,GBR,欧洲,287138051.55
2023-11,电动载人汽车,日本,JPN,亚洲,194567575.35
2023-11,电动载人汽车,韩国,KOR,亚洲,121788243.84
2023-11,电动载人汽车,越南,VNM,亚洲,188832056.68
2023-11,电动载人汽车,泰国,THA,亚洲,138021514.83
2023-11,电动载人汽车,巴西,BRA,拉美,92863560.05
2023-11,电动载人汽车,墨西哥,MEX,拉美,157258034.16
2023-11,电动载人汽车,澳大利亚,AUS,大洋洲,108768049.66
2023-11,电动载人汽车,沙特阿拉伯,SAU,中东,66050150.66
2023-11,锂离子蓄电池,美国,USA,北美,397217261.5
2023-11,锂离子蓄电池,德国,DEU,欧洲,566306432.6
2023-11,锂离子蓄电池,荷兰,NLD,欧洲,394253798.76
2023-11,锂离子蓄电池,英国,GBR,欧洲,249965971.47
2023-11,锂离子蓄电池,日本,JPN,亚洲,371487360.21
2023-11,锂离子蓄电池,韩国,KOR,亚洲,250008291.4
2023-11,锂离子蓄电池,越南,VNM,亚洲,158016694.58
2023-11,锂离子蓄电池,泰国,THA,亚洲,267615192.76
2023-11,锂离子蓄电池,巴西,BRA,拉美,194229277.63
2023-11,锂离子蓄电池,墨西哥,MEX,拉美,123166775.98
2023-11,锂离子蓄电池,澳大利亚,AUS,大洋洲,213515335.41
2023-11,锂离子蓄电池,沙特阿拉伯,SAU,中东,143262235.56
2023-11,太阳能电池,美国,USA,北美,279405155.22
2023-11,太阳能电池,德国,DEU,欧洲,173550217.11
2023-11,太阳能电池,荷兰,NLD,欧洲,263615823.17
2023-11,太阳能电池,英国,GBR,欧洲,178913199.29
2023-11,太阳能电池,日本,JPN,亚洲,108457365.57
2023-11,太阳能电池,韩国,KOR,亚洲,170028657.14
2023-11,太阳能电池,越南,VNM,亚洲,116475041.95
2023-11,太阳能电池,泰国,THA,亚洲,73857497.95
2023-11,太阳能电池,巴西,BRA,拉美,133740860.01
2023-11,太阳能电池,墨西哥,MEX,拉美,93227170.98
2023-11,太阳能电池,澳大利亚,AUS,大洋洲,141214615.95
2023-11,太阳能电池,沙特阿拉伯,SAU,中东,100704119.64
2023-12,电动载人汽车,美国,USA,北美,202999006.39
2023-12,电动载人汽车,德国,DEU,欧洲,332190355.56
2023-12,电动载人汽车,荷兰,NLD,欧洲,212100493.79
2023-12,电动载人汽车,英国,GBR,欧洲,298570248.8
2023-12,电动载人汽车,日本,JPN,亚洲,201702614.32
2023-12,电动载人汽车,韩国,KOR,亚洲,130315845.21
2023-12,电动载人汽车,越南,VNM,亚洲,209866362.81
2023-12,电动载人汽车,泰国,THA,亚洲,154707003.39
2023-12,电动载人汽车,巴西,BRA,拉美,101461746.31
2023-12,电动载人汽车,墨西哥,MEX,拉美,165926235.56
2023-12,电动载人汽车,澳大利亚,AUS,大洋洲,113264314.21
2023-12,电动载人汽车,沙特阿拉伯,SAU,中东,70404198.56
2023-12,锂离子蓄电池,美国,USA,北美,428633243.44
2023-12,锂离子蓄电池,德国,DEU,欧洲,610326216.86
2023-12,锂离子蓄电池,荷兰,NLD,欧洲,413214846.73
2023-12,锂离子蓄电池,英国,GBR,欧洲,254597179.59
2023-12,锂离子蓄电池,日本,JPN,亚洲,377203076.36
2023-12,锂离子蓄电池,韩国,KOR,亚洲,261108225.43
2023-12,锂离子蓄电池,越南,VNM,亚洲,170795244.3
2023-12,锂离子蓄电池,泰国,THA,亚洲,291713615.3
2023-12,锂离子蓄电池,巴西,BRA,拉美,207023370.63
2023-12,锂离子蓄电池,墨西哥,MEX,拉美,127215826.86
2023-12,锂离子蓄电池,澳大利亚,AUS,大洋洲,217866627.5
2023-12,锂离子蓄电池,沙特阿拉伯,SAU,中东,149229252.21
2023-12,太阳能电池,美国,USA,北美,284853127.21
2023-12,太阳能电池,德国,DEU,欧洲,177008862.08
2023-12,太阳能电池,荷兰,NLD,欧洲,261936110.66
2023-12,太阳能电池,英国,GBR,欧洲,172815021.13
2023-12,太阳能电池,日本,JPN,亚洲,104294058.62
2023-12,太阳能电池,韩国,KOR,亚洲,167846525.47
2023-12,太阳能电池,越南,VNM,亚洲,118917835.3
2023-12,太阳能电池,泰国,THA,亚洲,76146918.66
2023-12,太阳能电池,巴西,BRA,拉美,135088744.4
2023-12,太阳能电池,墨西哥,MEX,拉美,91326661.56
2023-12,太阳能电池,澳大利亚,AUS,大洋洲,136532789.69
2023-12,太阳能电池,沙特阿拉伯,SAU,中东,99199560.9
2024-01,电动载人汽车,美国,USA,北美,223327662.76
2024-01,电动载人汽车,德国,DEU,欧洲,354834011.44
2024-01,电动载人汽车,荷兰,NLD,欧洲,219910600.67
2024-01,电动载人汽车,英国,GBR,欧洲,308688649.14
2024-01,电动载人汽车,日本,JPN,亚洲,214844574.64
2024-01,电动载人汽车,韩国,KOR,亚洲,143861573.77
2024-01,电动载人汽车,越南,VNM,亚洲,233602196.27
2024-01,电动载人汽车,泰国,THA,亚洲,168134205.85
2024-01,电动载人汽车,巴西,BRA,拉美,106702706.96
2024-01,电动载人汽车,墨西哥,MEX,拉美,172351349.15
2024-01,电动载人汽车,澳大利亚,AUS,大洋洲,120263005.28
2024-01,电动载人汽车,沙特阿拉伯,SAU,中东,77651461.34
2024-01,锂离子蓄电池,美国,USA,北美,449505736.24
2024-01,锂离子蓄电池,德国,DEU,欧洲,623224058.43
2024-01,锂离子蓄电池,荷兰,NLD,欧洲,410269674.08
2024-01,锂离子蓄电池,英国,GBR,欧洲,251848820.67
2024-01,锂离子蓄电池,日本,JPN,亚洲,383285128.83
2024-01,锂离子蓄电池,韩国,KOR,亚洲,274371368.97
2024-01,锂离子蓄电池,越南,VNM,亚洲,181097643.84
2024-01,锂离子蓄电池,泰国,THA,亚洲,302833523.89
2024-01,锂离子蓄电池,巴西,BRA,拉美,208434223.93
2024-01,锂离子蓄电池,墨西哥,MEX,拉美,126497373.67
2024-01,锂离子蓄电池,澳大利亚,AUS,大洋洲,220881139.25
2024-01,锂离子蓄电池,沙特阿拉伯,SAU,中东,156724020.44
2024-01,太阳能电池,美国,USA,北美,282743672.35
2024-01,太阳能电池,德国,DEU,欧洲,171134513.37
2024-01,太阳能电池,荷兰,NLD,欧洲,245931569.69
2024-01,太阳能电池,英国,GBR,欧洲,161375434.01
2024-01,太阳能电池,日本,JPN,亚洲,99980578.26
2024-01,太阳能电池,韩国,KOR,亚洲,166585472.76
2024-01,太阳能电池,越南,VNM,亚洲,119301777.85
2024-01,太阳能电池,泰国,THA,亚洲,74850597.62
2024-01,太阳能电池,巴西,BRA,拉美,128675910.11
2024-01,太阳能电池,墨西哥,MEX,拉美,85763161.32
2024-01,太阳能电池,澳大利亚,AUS,大洋洲,130589045.42
2024-01,太阳能电池,沙特阿拉伯,SAU,中东,98355535.52
2024-02,电动载人汽车,美国,USA,北美,234216547.72
2024-02,电动载人汽车,德国,DEU,欧洲,361666955.71
2024-02,电动载人汽车,荷兰,NLD,欧洲,223444487.16
2024-02,电动载人汽车,英国,GBR,欧洲,322564889.22
2024-02,电动载人汽车,日本,JPN,亚洲,232317046.83
2024-02,电动载人汽车,韩国,KOR,亚洲,156888462.98
2024-02,电动载人汽车,越南,VNM,亚洲,249138032.81
2024-02,电动载人汽车,泰国,THA,亚洲,173783756.93
2024-02,电动载人汽车,巴西,BRA,拉美,108953334.8
2024-02,电动载人汽车,墨西哥,MEX,拉美,179633088.58
2024-02,电动载人汽车,澳大利亚,AUS,大洋洲,129963212.86
2024-02,电动载人汽车,沙特阿拉伯,SAU,中东,85421383.45
2024-02,锂离子蓄电池,美国,USA,北美,445788096.19
2024-02,锂离子蓄电池,德国,DEU,欧洲,600795869.72
2024-02,锂离子蓄电池,荷兰,NLD,欧洲,393710746.46
2024-02,锂离子蓄电池,英国,GBR,欧洲,248098994.51
2024-02,锂离子蓄电池,日本,JPN,亚洲,390530366.97
2024-02,锂离子蓄电池,韩国,KOR,亚洲,282326456.19
2024-02,锂离子蓄电池,越南,VNM,亚洲,182573978.89
2024-02,锂离子蓄电池,泰国,THA,亚洲,296082269.48
2024-02,锂离子蓄电池,巴西,BRA,拉美,201114300.9
2024-02,锂离子蓄电池,墨西哥,MEX,拉美,124347916.5
2024-02,锂离子蓄电池,澳大利亚,AUS,大洋洲,224902116.97
2024-02,锂离子蓄电池,沙特阿拉伯,SAU,中东,162590544.22
2024-02,太阳能电池,美国,USA,北美,267939444.03
2024-02,太阳能电池,德国,DEU,欧洲,157228182.96
2024-02,太阳能电池,荷兰,NLD,欧洲,224499533.41
2024-02,太阳能电池,英国,GBR,欧洲,151346607.37
2024-02,太阳能电池,日本,JPN,亚洲,97254930.74
2024-02,太阳能电池,韩国,KOR,亚洲,163966877.39
2024-02,太阳能电池,越南,VNM,亚洲,114990643.0
2024-02,太阳能电池,泰国,THA,亚洲,69799406.91
2024-02,太阳能电池,巴西,BRA,拉美,118140828.05
2024-02,太阳能电池,墨西哥,MEX,拉美,80219147.52
2024-02,太阳能电池,澳大利亚,AUS,大洋洲,126836662.32
2024-02,太阳能电池,沙特阿拉伯,SAU,中东,97571514.91
2024-03,电动载人汽车,美国,USA,北美,232577695.66
2024-03,电动载人汽车,德国,DEU,欧洲,357785372.36
2024-03,电动载人汽车,荷兰,NLD,欧洲,227041665.0
2024-03,电动载人汽车,英国,GBR,欧洲,338933348.56
2024-03,电动载人汽车,日本,JPN,亚洲,246334616.96
2024-03,电动载人汽车,韩国,KOR,亚洲,162886049.94
2024-03,电动载人汽车,越南,VNM,亚洲,250870375.54
2024-03,电动载人汽车,泰国,THA,亚洲,172817515.32
2024-03,电动载人汽车,巴西,BRA,拉美,110460518.09
2024-03,电动载人汽车,墨西哥,MEX,拉美,188645081.51
2024-03,电动载人汽车,澳大利亚,AUS,大洋洲,138967657.08
2024-03,电动载人汽车,沙特阿拉伯,SAU,中东,90088261.23
2024-03,锂离子蓄电池,美国,USA,北美,417877239.52
2024-03,锂离子蓄电池,德国,DEU,欧洲,560072897.06
2024-03,锂离子蓄电池,荷兰,NLD,欧洲,376801015.29
2024-03,锂离子蓄电池,英国,GBR,欧洲,245859547.64
2024-03,锂离子蓄电池,日本,JPN,亚洲,391230774.53
2024-03,锂离子蓄电池,韩国,KOR,亚洲,277116603.72
2024-03,锂离子蓄电池,越南,VNM,亚洲,173633960.75
2024-03,锂离子蓄电池,泰国,THA,亚洲,277577266.27
2024-03,锂离子蓄电池,巴西,BRA,拉美,192035003.44
2024-03,锂离子蓄电池,墨西哥,MEX,拉美,123096996.28
2024-03,锂离子蓄电池,澳大利亚,AUS,大洋洲,227105682.65
2024-03,锂离子蓄电池,沙特阿拉伯,SAU,中东,162109354.36
2024-03,太阳能电池,美国,USA,北美,243901369.13
2024-03,太阳能电池,德国,DEU,欧洲,142098745.61
2024-03,太阳能电池,荷兰,NLD,欧洲,208753053.62
2024-03,太阳能电池,英国,GBR,欧洲,146299977.33
2024-03,太阳能电池,日本,JPN,亚洲,95204345.17
2024-03,太阳能电池,韩国,KOR,亚洲,156991476.1
2024-03,太阳能电池,越南,VNM,亚洲,106298455.28
2024-03,太阳能电池,泰国,THA,亚洲,63447201.85
2024-03,太阳能电池,巴西,BRA,拉美,109496446.59
2024-03,太阳能电池,墨西哥,MEX,拉美,77381900.66
2024-03,太阳能电池,澳大利亚,AUS,大洋洲,125139233.53
2024-03,太阳能电池,沙特阿拉伯,SAU,中东,94969658.97
2024-04,电动载人汽车,美国,USA,北美,223180644.62
2024-04,电动载人汽车,德国,DEU,欧洲,352434517.32
2024-04,电动载人汽车,荷兰,NLD,欧洲,231332343.12
2024-04,电动载人汽车,英国,GBR,欧洲,348788367.78
2024-04,电动载人汽车,日本,JPN,亚洲,248370547.09
2024-04,电动载人汽车,韩国,KOR,亚洲,159264930.06
2024-04,电动载人汽车,越南,VNM,亚洲,242054406.42
2024-04,电动载人汽车,泰国,THA,亚洲,169869023.28
2024-04,电动载人汽车,巴西,BRA,拉美,112468164.97
2024-04,电动载人汽车,墨西哥,MEX,拉美,195718036.54
2024-04,电动载人汽车,澳大利亚,AUS,大洋洲,142313568.93
2024-04,电动载人汽车,沙特阿拉伯,SAU,中东,89470926.61
2024-04,锂离子蓄电池,美国,USA,北美,381155184.95
2024-04,锂离子蓄电池,德国,DEU,欧洲,524900519.76
2024-04,锂离子蓄电池,荷兰,NLD,欧洲,366344405.42
2024-04,锂离子蓄电池,英国,GBR,欧洲,241894131.83
2024-04,锂离子蓄电池,日本,JPN,亚洲,376904696.22
2024-04,锂离子蓄电池,韩国,KOR,亚洲,258241951.38
2024-04,锂离子蓄电池,越南,VNM,亚洲,159291247.61
2024-04,锂离子蓄电池,泰国,THA,亚洲,259440621.12
2024-04,锂离子蓄电池,巴西,BRA,拉美,186413582.6
2024-04,锂离子蓄电池,墨西哥,MEX,拉美,122064148.93
2024-04,锂离子蓄电池,澳大利亚,AUS,大洋洲,222315866.9
2024-04,锂离子蓄电池,沙特阿拉伯,SAU,中东,153568048.56
2024-04,太阳能电池,美国,USA,北美,222085916.79
2024-04,太阳能电池,德国,DEU,欧洲,133372471.39
2024-04,太阳能电池,荷兰,NLD,欧洲,204125582.21
2024-04,太阳能电池,英国,GBR,欧洲,144903852.24
2024-04,太阳能电池,日本,JPN,亚洲,92075500.34
2024-04,太阳能电池,韩国,KOR,亚洲,146297427.26
2024-04,太阳能电池,越南,VNM,亚洲,97332632.94
2024-04,太阳能电池,泰国,THA,亚洲,59316911.45
2024-04,太阳能电池,巴西,BRA,拉美,106793860.34
2024-04,太阳能电池,墨西哥,MEX,拉美,77260033.21
2024-04,太阳能电池,澳大利亚,AUS,大洋洲,123104865.46
2024-04,太阳能电池,沙特阿拉伯,SAU,中东,90058005.1
2024-05,电动载人汽车,美国,USA,北美,213681317.6
2024-05,电动载人汽车,德国,DEU,欧洲,349443635.15
2024-05,电动载人汽车,荷兰,NLD,欧洲,231895468.95
2024-05,电动载人汽车,英国,GBR,欧洲,342561092.27
2024-05,电动载人汽车,日本,JPN,亚洲,236324074.53
2024-05,电动载人汽车,韩国,KOR,亚洲,149366606.19
2024-05,电动载人汽车,越南,VNM,亚洲,231213766.26
2024-05,电动载人汽车,泰国,THA,亚洲,168244832.91
2024-05,电动载人汽车,巴西,BRA,拉美,113641024.09
2024-05,电动载人汽车,墨西哥,MEX,拉美,195261964.84
2024-05,电动载人汽车,澳大利亚,AUS,大洋洲,137588127.34
2024-05,电动载人汽车,沙特阿拉伯,SAU,中东,84627294.85
2024-05,锂离子蓄电池,美国,USA,北美,354695425.72
2024-05,锂离子蓄电池,德国,DEU,欧洲,507897780.53
2024-05,锂离子蓄电池,荷兰,NLD,欧洲,358991341.22
2024-05,锂离子蓄电池,英国,GBR,欧洲,231811959.17
2024-05,锂离子蓄电池,日本,JPN,亚洲,348660585.11
2024-05,锂离子蓄电池,韩国,KOR,亚洲,234883582.26
2024-05,锂离子蓄电池,越南,VNM,亚洲,147741396.39
2024-05,锂离子蓄电池,泰国,THA,亚洲,250498544.85
2024-05,锂离子蓄电池,巴西,BRA,拉美,184110665.3
2024-05,锂离子蓄电池,墨西哥,MEX,拉美,118922102.38
2024-05,锂离子蓄电池,澳大利亚,AUS,大洋洲,209180863.44
2024-05,锂离子蓄电池,沙特阿拉伯,SAU,中东,140927725.8
2024-05,太阳能电池,美国,USA,北美,214122094.3
2024-05,太阳能电池,德国,DEU,欧洲,134135729.69
2024-05,太阳能电池,荷兰,NLD,欧洲,207818163.2
2024-05,太阳能电池,英国,GBR,欧洲,143803451.65
2024-05,太阳能电池,日本,JPN,亚洲,87932843.89
2024-05,太阳能电池,韩国,KOR,亚洲,137306047.29
2024-05,太阳能电池,越南,VNM,亚洲,93422041.15
2024-05,太阳能电池,泰国,THA,亚洲,59491731.47
2024-05,太阳能电池,巴西,BRA,拉美,109638862.68
2024-05,太阳能电池,墨西哥,MEX,拉美,78029438.88
2024-05,太阳能电池,澳大利亚,AUS,大洋洲,119664356.02
2024-05,太阳能电池,沙特阿拉伯,SAU,中东,85260729.6
2024-06,电动载人汽车,美国,USA,北美,208087053.5
2024-06,电动载人汽车,德国,DEU,欧洲,344392174.96
2024-06,电动载人汽车,荷兰,NLD,欧洲,223763960.31
2024-06,电动载人汽车,英国,GBR,欧洲,319686922.31
2024-06,电动载人汽车,日本,JPN,亚洲,217087490.59
2024-06,电动载人汽车,韩国,KOR,亚洲,139798217.68
2024-06,电动载人汽车,越南,VNM,亚洲,224796328.32
2024-06,电动载人汽车,泰国,THA,亚洲,167115965.63
2024-06,电动载人汽车,巴西,BRA,拉美,111427924.55
2024-06,电动载人汽车,墨西哥,MEX,拉美,185248741.51
2024-06,电动载人汽车,澳大利亚,AUS,大洋洲,127500785.66
2024-06,电动载人汽车,沙特阿拉伯,SAU,中东,79123359.26
2024-06,锂离子蓄电池,美国,USA,北美,347748279.77
2024-06,锂离子蓄电池,德国,DEU,欧洲,504368990.23
2024-06,锂离子蓄电池,荷兰,NLD,欧洲,348046848.03
2024-06,锂离子蓄电池,英国,GBR,欧洲,216518764.8
2024-06,锂离子蓄电池,日本,JPN,亚洲,319979454.56
2024-06,锂离子蓄电池,韩国,KOR,亚洲,220124444.08
2024-06,锂离子蓄电池,越南,VNM,亚洲,144470657.68
2024-06,锂离子蓄电池,泰国,THA,亚洲,250765669.64
2024-06,锂离子蓄电池,巴西,BRA,拉美,181572253.51
2024-06,锂离子蓄电池,墨西哥,MEX,拉美,113035373.09
2024-06,锂离子蓄电池,澳大利亚,AUS,大洋洲,193689543.3
2024-06,锂离子蓄电池,沙特阿拉伯,SAU,中东,131798366.52
2024-06,太阳能电池,美国,USA,北美,223247006.1
2024-06,太阳能电池,德国,DEU,欧洲,141391591.65
2024-06,太阳能电池,荷兰,NLD,欧洲,213284958.66
2024-06,太阳能电池,英国,GBR,欧洲,142018240.33
2024-06,太阳能电池,日本,JPN,亚洲,85437994.41
2024-06,太阳能电池,韩国,KOR,亚洲,136613808.43
2024-06,太阳能电池,越南,VNM,亚洲,97153066.08
2024-06,太阳能电池,泰国,THA,亚洲,63262457.37
2024-06,太阳能电池,巴西,BRA,拉美,114541150.08
2024-06,太阳能电池,墨西哥,MEX,拉美,78426448.51
2024-06,太阳能电池,澳大利亚,AUS,大洋洲,117238337.02
2024-06,太阳能电池,沙特阿拉伯,SAU,中东,84586740.02
2024-07,电动载人汽车,美国,USA,北美,204559672.31
2024-07,电动载人汽车,德国,DEU,欧洲,331042685.13
2024-07,电动载人汽车,荷兰,NLD,欧洲,207586123.2
2024-07,电动载人汽车,英国,GBR,欧洲,291573380.66
2024-07,电动载人汽车,日本,JPN,亚洲,201924612.15
2024-07,电动载人汽车,韩国,KOR,亚洲,135396876.49
2024-07,电动载人汽车,越南,VNM,亚洲,222728226.01
2024-07,电动载人汽车,泰国,THA,亚洲,163318341.24
2024-07,电动载人汽车,巴西,BRA,拉美,105148816.38
2024-07,电动载人汽车,墨西哥,MEX,拉美,170471320.85
2024-07,电动载人汽车,澳大利亚,AUS,大洋洲,118412815.77
2024-07,电动载人汽车,沙特阿拉伯,SAU,中东,76343886.97
2024-07,锂离子蓄电池,美国,USA,北美,355359573.45
2024-07,锂离子蓄电池,德国,DEU,欧洲,502336765.38
2024-07,锂离子蓄电池,荷兰,NLD,欧洲,333561783.94
2024-07,锂离子蓄电池,英国,GBR,欧洲,203942873.23
2024-07,锂离子蓄电池,日本,JPN,亚洲,308271932.55
2024-07,锂离子蓄电池,韩国,KOR,亚洲,221617888.41
2024-07,锂离子蓄电池,越南,VNM,亚洲,148878155.18
2024-07,锂离子蓄电池,泰国,THA,亚洲,254181651.48
2024-07,锂离子蓄电池,巴西,BRA,拉美,177122002.96
2024-07,锂离子蓄电池,墨西哥,MEX,拉美,107395975.46
2024-07,锂离子蓄电池,澳大利亚,AUS,大洋洲,186116061.61
2024-07,锂离子蓄电池,沙特阿拉伯,SAU,中东,132081900.46
2024-07,太阳能电池,美国,USA,北美,242300457.59
2024-07,太阳能电池,德国,DEU,欧洲,149398724.46
2024-07,太阳能电池,荷兰,NLD,欧洲,217122631.73
2024-07,太阳能电池,英国,GBR,欧洲,142458122.47
2024-07,太阳能电池,日本,JPN,亚洲,87797202.32
2024-07,太阳能电池,韩国,KOR,亚洲,146554810.74
2024-07,太阳能电池,越南,VNM,亚洲,106404761.65
2024-07,太阳能电池,泰国,THA,亚洲,68035594.31
2024-07,太阳能电池,巴西,BRA,拉美,118616991.55
2024-07,太阳能电池,墨西哥,MEX,拉美,79294429.96
2024-07,太阳能电池,澳大利亚,AUS,大洋洲,120136400.55
2024-07,太阳能电池,沙特阿拉伯,SAU,中东,90373418.37
2024-08,电动载人汽车,美国,USA,北美,199234733.32
2024-08,电动载人汽车,德国,DEU,欧洲,310577864.94
2024-08,电动载人汽车,荷兰,NLD,欧洲,191353521.31
2024-08,电动载人汽车,英国,GBR,欧洲,274501706.94
2024-08,电动载人汽车,日本,JPN,亚洲,198393340.8
2024-08,电动载人汽车,韩国,KOR,亚洲,136189780.6
2024-08,电动载人汽车,越南,VNM,亚洲,220678067.98
2024-08,电动载人汽车,泰国,THA,亚洲,155929331.82
2024-08,电动载人汽车,巴西,BRA,拉美,97791739.25
2024-08,电动载人汽车,墨西哥,MEX,拉美,160148663.87
2024-08,电动载人汽车,澳大利亚,AUS,大洋洲,115837122.19
2024-08,电动载人汽车,沙特阿拉伯,SAU,中东,77154222.82
2024-08,锂离子蓄电池,美国,USA,北美,366059854.14
2024-08,锂离子蓄电池,德国,DEU,欧洲,497970852.39
2024-08,锂离子蓄电池,荷兰,NLD,欧洲,325362346.53
2024-08,锂离子蓄电池,英国,GBR,欧洲,203722705.36
2024-08,锂离子蓄电池,日本,JPN,亚洲,321843231.76
2024-08,锂离子蓄电池,韩国,KOR,亚洲,236559810.46
2024-08,锂离子蓄电池,越南,VNM,亚洲,156112345.01
2024-08,锂离子蓄电池,泰国,THA,亚洲,256430722.82
2024-08,锂离子蓄电池,巴西,BRA,拉美,174201556.31
2024-08,锂离子蓄电池,墨西哥,MEX,拉美,106970154.25
2024-08,锂离子蓄电池,澳大利亚,AUS,大洋洲,193437529.54
2024-08,锂离子蓄电池,沙特阿拉伯,SAU,中东,141742467.61
2024-08,太阳能电池,美国,USA,北美,259848128.21
2024-08,太阳能电池,德国,DEU,欧洲,154664375.78
2024-08,太阳能电池,荷兰,NLD,欧洲,221794390.21
2024-08,太阳能电池,英国,GBR,欧洲,148988229.9
2024-08,太阳能电池,日本,JPN,亚洲,95646941.69
2024-08,太阳能电池,韩国,KOR,亚洲,162759869.02
2024-08,太阳能电池,越南,VNM,亚洲,116092405.92
2024-08,太阳能电池,泰国,THA,亚洲,71609494.09
2024-08,太阳能电池,巴西,BRA,拉美,122103350.59
2024-08,太阳能电池,墨西哥,MEX,拉美,82729082.92
2024-08,太阳能电池,澳大利亚,AUS,大洋洲,130431232.26
2024-08,太阳能电池,沙特阿拉伯,SAU,中东,100962228.78
2024-09,电动载人汽车,美国,USA,北美,192014319.01
2024-09,电动载人汽车,德国,DEU,欧洲,294201778.01
2024-09,电动载人汽车,荷兰,NLD,欧洲,185425659.61
2024-09,电动载人汽车,英国,GBR,欧洲,277993987.27
2024-09,电动载人汽车,日本,JPN,亚洲,205637964.14
2024-09,电动载人汽车,韩国,KOR,亚洲,138830848.44
2024-09,电动载人汽车,越南,VNM,亚洲,216477479.17
2024-09,电动载人汽车,泰国,THA,亚洲,148987407.29
2024-09,电动载人汽车,巴西,BRA,拉美,94511485.35
2024-09,电动载人汽车,墨西哥,MEX,拉美,161438507.6
2024-09,电动载人汽车,澳大利亚,AUS,大洋洲,120666492.99
2024-09,电动载人汽车,沙特阿拉伯,SAU,中东,79900164.53
2024-09,锂离子蓄电池,美国,USA,北美,373722702.55
2024-09,锂离子蓄电池,德国,DEU,欧洲,501025818.98
2024-09,锂离子蓄电池,荷兰,NLD,欧洲,335353855.21
2024-09,锂离子蓄电池,英国,GBR,欧洲,219168563.67
2024-09,锂离子蓄电池,日本,JPN,亚洲,353442908.86
2024-09,锂离子蓄电池,韩国,KOR,亚洲,255095866.82
2024-09,锂离子蓄电池,越南,VNM,亚洲,162126443.66
2024-09,锂离子蓄电池,泰国,THA,亚洲,260046361.72
2024-09,锂离子蓄电池,巴西,BRA,拉美,179049833.39
2024-09,锂离子蓄电池,墨西哥,MEX,拉美,114619343.32
2024-09,锂离子蓄电池,澳大利亚,AUS,大洋洲,213647717.95
2024-09,锂离子蓄电池,沙特阿拉伯,SAU,中东,155312518.0
2024-09,太阳能电池,美国,USA,北美,268918706.4
2024-09,太阳能电池,德国,DEU,欧洲,158079825.53
2024-09,太阳能电池,荷兰,NLD,欧洲,231788421.28
2024-09,太阳能电池,英国,GBR,欧洲,161800122.0
2024-09,太阳能电池,日本,JPN,亚洲,105783377.33
2024-09,太阳能电池,韩国,KOR,亚洲,177050120.03
2024-09,太阳能电池,越南,VNM,亚洲,122085423.43
2024-09,太阳能电池,泰国,THA,亚洲,73751781.59
2024-09,太阳能电池,巴西,BRA,拉美,127370610.16
2024-09,太阳能电池,墨西哥,MEX,拉美,89593901.5
2024-09,太阳能电池,澳大利亚,AUS,大洋洲,145117443.52
2024-09,太阳能电池,沙特阿拉伯,SAU,中东,111506951.33
2024-10,电动载人汽车,美国,USA,北美,188395055.98
2024-10,电动载人汽车,德国,DEU,欧洲,295632756.03
2024-10,电动载人汽车,荷兰,NLD,欧洲,194728056.12
2024-10,电动载人汽车,英国,GBR,欧洲,298443183.55
2024-10,电动载人汽车,日本,JPN,亚洲,216852980.46
2024-10,电动载人汽车,韩国,KOR,亚洲,140859113.5
2024-10,电动载人汽车,越南,VNM,亚洲,214151339.52
2024-10,电动载人汽车,泰国,THA,亚洲,149278523.78
2024-10,电动载人汽车,巴西,BRA,拉美,98810498.23
2024-10,电动载人汽车,墨西哥,MEX,拉美,174248925.92
2024-10,电动载人汽车,澳大利亚,AUS,大洋洲,129304418.4
2024-10,电动载人汽车,沙特阿拉伯,SAU,中东,82591483.54
2024-10,锂离子蓄电池,美国,USA,北美,382330475.15
2024-10,锂离子蓄电池,德国,DEU,欧洲,524719034.66
2024-10,锂离子蓄电池,荷兰,NLD,欧洲,365763784.95
2024-10,锂离子蓄电池,英国,GBR,欧洲,243659473.89
2024-10,锂离子蓄电池,日本,JPN,亚洲,386061417.35
2024-10,锂离子蓄电池,韩国,KOR,亚洲,268852739.72
2024-10,锂离子蓄电池,越南,VNM,亚洲,167137344.67
2024-10,锂离子蓄电池,泰国,THA,亚洲,271699640.8
2024-10,锂离子蓄电池,巴西,BRA,拉美,194632044.11
2024-10,锂离子蓄电池,墨西哥,MEX,拉美,128185509.94
2024-10,锂离子蓄电池,澳大利亚,AUS,大洋洲,237043917.38
2024-10,锂离子蓄电池,沙特阿拉伯,SAU,中东,166604535.51
2024-10,太阳能电池,美国,USA,北美,270806573.01
2024-10,太阳能电池,德国,DEU,欧洲,162528742.77
2024-10,太阳能电池,荷兰,NLD,欧洲,247161570.65
2024-10,太阳能电池,英国,GBR,欧洲,175631773.61
2024-10,太阳能电池,日本,JPN,亚洲,113094459.94
2024-10,太阳能电池,韩国,KOR,亚洲,183322329.8
2024-10,太阳能电池,越南,VNM,亚洲,123897465.45
2024-10,太阳能电池,泰国,THA,亚洲,75730098.22
2024-10,太阳能电池,巴西,BRA,拉美,135505265.31
2024-10,太阳能电池,墨西哥,MEX,拉美,97825673.02
2024-10,太阳能电池,澳大利亚,AUS,大洋洲,157441270.61
2024-10,太阳能电池,沙特阿拉伯,SAU,中东,117396410.07
2024-11,电动载人汽车,美国,USA,北美,195129862.32
2024-11,电动载人汽车,德国,DEU,欧洲,319545931.28
2024-11,电动载人汽车,荷兰,NLD,欧洲,214824059.09
2024-11,电动载人汽车,英国,GBR,欧洲,323302629.64
2024-11,电动载人汽车,日本,JPN,亚洲,226271176.95
2024-11,电动载人汽车,韩国,KOR,亚洲,143543149.56
2024-11,电动载人汽车,越南,VNM,亚洲,221193654.05
2024-11,电动载人汽车,泰国,THA,亚洲,160715842.27
2024-11,电动载人汽车,巴西,BRA,拉美,109635661.7
2024-11,电动载人汽车,墨西哥,MEX,拉美,191801916.68
2024-11,电动载人汽车,澳大利亚,AUS,大洋洲,137398408.26
2024-11,电动载人汽车,沙特阿拉伯,SAU,中东,85100484.68
2024-11,锂离子蓄电池,美国,USA,北美,399479774.53
2024-11,锂离子蓄电池,德国,DEU,欧洲,569614083.52
2024-11,锂离子蓄电池,荷兰,NLD,欧洲,404340220.52
2024-11,锂离子蓄电池,英国,GBR,欧洲,264962940.16
2024-11,锂离子蓄电池,日本,JPN,亚洲,405927721.85
2024-11,锂离子蓄电池,韩国,KOR,亚洲,276879306.52
2024-11,锂离子蓄电池,越南,VNM,亚洲,174322332.21
2024-11,锂离子蓄电池,泰国,THA,亚洲,294142932.68
2024-11,锂离子蓄电池,巴西,BRA,拉美,216446575.05
2024-11,锂离子蓄电池,墨西哥,MEX,拉美,141518835.49
2024-11,锂离子蓄电池,澳大利亚,AUS,大洋洲,253532953.07
2024-11,锂离子蓄电池,沙特阿拉伯,SAU,中东,173392587.88
2024-11,太阳能电池,美国,USA,北美,271162641.95
2024-11,太阳能电池,德国,DEU,欧洲,168592821.13
2024-11,太阳能电池,荷兰,NLD,欧洲,261028398.73
2024-11,太阳能电池,英国,GBR,欧洲,182910195.98
2024-11,太阳能电池,日本,JPN,亚洲,114198187.05
2024-11,太阳能电池,韩国,KOR,亚洲,181452426.05
2024-11,太阳能电池,越南,VNM,亚洲,123951950.94
2024-11,太阳能电池,泰国,THA,亚洲,78392270.35
2024-11,太阳能电池,巴西,BRA,拉美,143923306.74
2024-11,太阳能电池,墨西哥,MEX,拉美,103346080.13
2024-11,太阳能电池,澳大利亚,AUS,大洋洲,161608556.29
2024-11,太阳能电池,沙特阿拉伯,SAU,中东,117434102.32
2024-12,电动载人汽车,美国,USA,北美,213466592.03
2024-12,电动载人汽车,德国,DEU,欧洲,356286791.48
2024-12,电动载人汽车,荷兰,NLD,欧洲,235353318.77
2024-12,电动载人汽车,英国,GBR,欧洲,341824789.46
2024-12,电动载人汽车,日本,JPN,亚洲,234041588.96
2024-12,电动载人汽车,韩国,KOR,亚洲,150468735.45
2024-12,电动载人汽车,越南,VNM,亚洲,241183825.79
2024-12,电动载人汽车,泰国,THA,亚洲,180262523.4
2024-12,电动载人汽车,巴西,BRA,拉美,122001317.97
2024-12,电动载人汽车,墨西哥,MEX,拉美,206391760.02
2024-12,电动载人汽车,澳大利亚,AUS,大洋洲,143645100.93
2024-12,电动载人汽车,沙特阿拉伯,SAU,中东,89205350.21
2024-12,锂离子蓄电池,美国,USA,北美,425341541.18
2024-12,锂离子蓄电池,德国,DEU,欧洲,617382803.77
2024-12,锂离子蓄电池,荷兰,NLD,欧洲,431690626.12
2024-12,锂离子蓄电池,英国,GBR,欧洲,274008348.61
2024-12,锂离子蓄电池,日本,JPN,亚洲,411455854.61
2024-12,锂离子蓄电池,韩国,KOR,亚洲,283935975.33
2024-12,锂离子蓄电池,越南,VNM,亚洲,185185623.34
2024-12,锂离子蓄电池,泰国,THA,亚洲,320683321.82
2024-12,锂离子蓄电池,巴西,BRA,拉美,234495018.64
2024-12,锂离子蓄电池,墨西哥,MEX,拉美,148803400.78
2024-12,锂离子蓄电池,澳大利亚,AUS,大洋洲,259693223.5
2024-12,锂离子蓄电池,沙特阿拉伯,SAU,中东,177962897.39
2024-12,太阳能电池,美国,USA,北美,272710438.96
2024-12,太阳能电池,德国,DEU,欧洲,172742560.4
2024-12,太阳能电池,荷兰,NLD,欧洲,263966254.4
2024-12,太阳能电池,英国,GBR,欧洲,179390589.35
2024-12,太阳能电池,日本,JPN,亚洲,109727813.21
2024-12,太阳能电池,韩国,KOR,亚洲,176067110.86
2024-12,太阳能电池,越南,VNM,亚洲,124394372.59
2024-12,太阳能电池,泰国,THA,亚洲,80759629.53
2024-12,太阳能电池,巴西,BRA,拉美,147606952.25
2024-12,太阳能电池,墨西哥,MEX,拉美,103035644.86
2024-12,太阳能电池,澳大利亚,AUS,大洋洲,156967269.23
2024-12,太阳能电池,沙特阿拉伯,SAU,中东,114112150.34
2025-01,电动载人汽车,美国,USA,北美,236316729.18
2025-01,电动载人汽车,德国,DEU,欧洲,388037275.41
2025-01,电动载人汽车,荷兰,NLD,欧洲,247892036.07
2025-01,电动载人汽车,英国,GBR,欧洲,352670518.42
2025-01,电动载人汽车,日本,JPN,亚洲,244525888.06
2025-01,电动载人汽车,韩国,KOR,亚洲,163147496.48
2025-01,电动载人汽车,越南,VNM,亚洲,268596796.21
2025-01,电动载人汽车,泰国,THA,亚洲,199311362.31
2025-01,电动载人汽车,巴西,BRA,拉美,130707154.36
2025-01,电动载人汽车,墨西哥,MEX,拉美,215189623.41
2025-01,电动载人汽车,澳大利亚,AUS,大洋洲,150144832.25
2025-01,电动载人汽车,沙特阿拉伯,SAU,中东,96374876.63
2025-01,锂离子蓄电池,美国,USA,北美,448312316.9
2025-01,锂离子蓄电池,德国,DEU,欧洲,641750519.35
2025-01,锂离子蓄电池,荷兰,NLD,欧洲,435104665.53
2025-01,锂离子蓄电池,英国,GBR,欧洲,270710312.49
2025-01,锂离子蓄电池,日本,JPN,亚洲,410836868.44
2025-01,锂离子蓄电池,韩国,KOR,亚洲,293323653.47
2025-01,锂离子蓄电池,越南,VNM,亚洲,196295103.66
2025-01,锂离子蓄电池,泰国,THA,亚洲,338129262.78
2025-01,锂离子蓄电池,巴西,BRA,拉美,240258292.98
2025-01,锂离子蓄电池,墨西哥,MEX,拉美,148577277.71
2025-01,锂离子蓄电池,澳大利亚,AUS,大洋洲,259619423.71
2025-01,锂离子蓄电池,沙特阿拉伯,SAU,中东,183330562.09
2025-01,太阳能电池,美国,USA,北美,271838539.9
2025-01,太阳能电池,德国,DEU,欧洲,170013003.09
2025-01,太阳能电池,荷兰,NLD,欧洲,251805999.48
2025-01,太阳能电池,英国,GBR,欧洲,167464439.94
2025-01,太阳能电池,日本,JPN,亚洲,103377161.89
2025-01,太阳能电池,韩国,KOR,亚洲,171653334.22
2025-01,太阳能电池,越南,VNM,亚洲,124637931.82
2025-01,太阳能电池,泰国,THA,亚洲,80610023.64
2025-01,太阳能电池,巴西,BRA,拉美,143175756.15
2025-01,太阳能电池,墨西哥,MEX,拉美,97260262.99
2025-01,太阳能电池,澳大利亚,AUS,大洋洲,148104785.56
2025-01,太阳能电池,沙特阿拉伯,SAU,中东,110911845.66
2025-02,电动载人汽车,美国,USA,北美,252441625.42
2025-02,电动载人汽车,德国,DEU,欧洲,401557864.01
2025-02,电动载人汽车,荷兰,NLD,欧洲,251447421.39
2025-02,电动载人汽车,英国,GBR,欧洲,361882159.79
2025-02,电动载人汽车,日本,JPN,亚洲,259886211.48
2025-02,电动载人汽车,韩国,KOR,亚洲,177943188.64
2025-02,电动载人汽车,越南,VNM,亚洲,291143551.55
2025-02,电动载人汽车,泰国,THA,亚洲,209707380.65
2025-02,电动载人汽车,巴西,BRA,拉美,133979220.21
2025-02,电动载人汽车,墨西哥,MEX,拉美,221006478.19
2025-02,电动载人汽车,澳大利亚,AUS,大洋洲,159087485.34
2025-02,电动载人汽车,沙特阿拉伯,SAU,中东,105435145.97
2025-02,锂离子蓄电池,美国,USA,北美,452492274.25
2025-02,锂离子蓄电池,德国,DEU,欧洲,628187691.06
2025-02,锂离子蓄电池,荷兰,NLD,欧洲,417232742.36
2025-02,锂离子蓄电池,英国,GBR,欧洲,262130539.07
2025-02,锂离子蓄电池,日本,JPN,亚洲,411451125.7
2025-02,锂离子蓄电池,韩国,KOR,亚洲,301580491.48
2025-02,锂离子蓄电池,越南,VNM,亚洲,200932887.16
2025-02,锂离子蓄电池,泰国,THA,亚洲,336467815.09
2025-02,锂离子蓄电池,巴西,BRA,拉美,232895523.64
2025-02,锂离子蓄电池,墨西哥,MEX,拉美,144076534.68
2025-02,锂离子蓄电池,澳大利亚,AUS,大洋洲,259278524.11
2025-02,锂离子蓄电池,沙特阿拉伯,SAU,中东,189006835.69
2025-02,太阳能电池,美国,USA,北美,262421997.89
2025-02,太阳能电池,德国,DEU,欧洲,158851513.23
2025-02,太阳能电池,荷兰,NLD,欧洲,229880552.01
2025-02,太阳能电池,英国,GBR,欧洲,154249165.67
2025-02,太阳能电池,日本,JPN,亚洲,98676279.1
2025-02,太阳能电池,韩国,KOR,亚洲,168673504.57
2025-02,太阳能电池,越南,VNM,亚洲,122050083.63
2025-02,太阳能电池,泰国,THA,亚洲,76621424.23
2025-02,太阳能电池,巴西,BRA,拉美,132218300.92
2025-02,太阳能电池,墨西哥,MEX,拉美,89709561.29
2025-02,太阳能电池,澳大利亚,AUS,大洋洲,140865070.64
2025-02,太阳能电池,沙特阿拉伯,SAU,中东,109210065.11
2025-03,电动载人汽车,美国,USA,北美,254472851.56
2025-03,电动载人汽车,德国,DEU,欧洲,396767918.02
2025-03,电动载人汽车,荷兰,NLD,欧洲,251074728.4
2025-03,电动载人汽车,英国,GBR,欧洲,373829434.59
2025-03,电动载人汽车,日本,JPN,亚洲,275469176.95
2025-03,电动载人汽车,韩国,KOR,亚洲,187634552.11
2025-03,电动载人汽车,越南,VNM,亚洲,298337585.36
2025-03,电动载人汽车,泰国,THA,亚洲,209414921.43
2025-03,电动载人汽车,巴西,BRA,拉美,133947715.79
2025-03,电动载人汽车,墨西哥,MEX,拉美,227664598.24
2025-03,电动载人汽车,澳大利亚,AUS,大洋洲,169122781.71
2025-03,电动载人汽车,沙特阿拉伯,SAU,中东,112547032.62
2025-03,锂离子蓄电池,美国,USA,北美,430985734.35
2025-03,锂离子蓄电池,德国,DEU,欧洲,585452248.86
2025-03,锂离子蓄电池,荷兰,NLD,欧洲,392416775.03
2025-03,锂离子蓄电池,英国,GBR,欧洲,255149036.95
2025-03,锂离子蓄电池,日本,JPN,亚洲,411649988.93
2025-03,锂离子蓄电池,韩国,KOR,亚洲,300592616.95
2025-03,锂离子蓄电池,越南,VNM,亚洲,194609015.97
2025-03,锂离子蓄电池,泰国,THA,亚洲,317091458.43
2025-03,锂离子蓄电池,巴西,BRA,拉美,219372047.39
2025-03,锂离子蓄电池,墨西哥,MEX,拉美,139805890.2
2025-03,锂离子蓄电池,澳大利亚,AUS,大洋洲,260027801.28
2025-03,锂离子蓄电池,沙特阿拉伯,SAU,中东,190654016.53
2025-03,太阳能电池,美国,USA,北美,243202892.56
2025-03,太阳能电池,德国,DEU,欧洲,143603152.94
2025-03,太阳能电池,荷兰,NLD,欧洲,209711958.58
2025-03,太阳能电池,英国,GBR,欧洲,146131970.25
2025-03,太阳能电池,日本,JPN,亚洲,96416505.41
2025-03,太阳能电池,韩国,KOR,亚洲,164218438.51
2025-03,太阳能电池,越南,VNM,亚洲,115138477.94
2025-03,太阳能电池,泰国,THA,亚洲,70089975.6
2025-03,太阳能电池,巴西,BRA,拉美,120750220.56
2025-03,太阳能电池,墨西哥,MEX,拉美,84626847.34
2025-03,太阳能电池,澳大利亚,AUS,大洋洲,137871684.67
2025-03,太阳能电池,沙特阿拉伯,SAU,中东,107639762.85
2025-04,电动载人汽车,美国,USA,北美,244020542.69
2025-04,电动载人汽车,德国,DEU,欧洲,384167689.64
2025-04,电动载人汽车,荷兰,NLD,欧洲,251437954.8
2025-04,电动载人汽车,英国,GBR,欧洲,384365741.31
2025-04,电动载人汽车,日本,JPN,亚洲,282006784.97
2025-04,电动载人汽车,韩国,KOR,亚洲,186731251.58
2025-04,电动载人汽车,越南,VNM,亚洲,289202624.78
2025-04,电动载人汽车,泰国,THA,亚洲,203060371.06
2025-04,电动载人汽车,巴西,BRA,拉美,133763463.76
2025-04,电动载人汽车,墨西哥,MEX,拉美,234715609.03
2025-04,电动载人汽车,澳大利亚,AUS,大洋洲,175230776.98
2025-04,电动载人汽车,沙特阿拉伯,SAU,中东,113882213.03
2025-04,锂离子蓄电池,美国,USA,北美,393153911.84
2025-04,锂离子蓄电池,德国,DEU,欧洲,538832200.0
2025-04,锂离子蓄电池,荷兰,NLD,欧洲,374343310.2
2025-04,锂离子蓄电池,英国,GBR,欧洲,250608444.74
2025-04,锂离子蓄电池,日本,JPN,亚洲,402927974.94
2025-04,锂离子蓄电池,韩国,KOR,亚洲,285556052.79
2025-04,锂离子蓄电池,越南,VNM,亚洲,179582137.87
2025-04,锂离子蓄电池,泰国,THA,亚洲,292241122.06
2025-04,锂离子蓄电池,巴西,BRA,拉美,208509127.04
2025-04,锂离子蓄电池,墨西哥,MEX,拉美,137594794.57
2025-04,锂离子蓄电池,澳大利亚,AUS,大洋洲,257603500.09
2025-04,锂离子蓄电池,沙特阿拉伯,SAU,中东,184273720.49
2025-04,太阳能电池,美国,USA,北美,221470502.74
2025-04,太阳能电池,德国,DEU,欧洲,132067967.54
2025-04,太阳能电池,荷兰,NLD,欧洲,200754260.74
2025-04,太阳能电池,英国,GBR,欧洲,144492910.32
2025-04,太阳能电池,日本,JPN,亚洲,94922659.23
2025-04,太阳能电池,韩国,KOR,亚洲,156339418.15
2025-04,太阳能电池,越南,VNM,亚洲,106115648.91
2025-04,太阳能电池,泰国,THA,亚洲,64501816.29
2025-04,太阳能电池,巴西,BRA,拉美,115021223.24
2025-04,太阳能电池,墨西哥,MEX,拉美,83801869.35
2025-04,太阳能电池,澳大利亚,AUS,大洋洲,137469359.6
2025-04,太阳能电池,沙特阿拉伯,SAU,中东,104381037.53
2025-05,电动载人汽车,美国,USA,北美,229589300.31
2025-05,电动载人汽车,德国,DEU,欧洲,374108330.77
2025-05,电动载人汽车,荷兰,NLD,欧洲,251710195.72
2025-05,电动载人汽车,英国,GBR,欧洲,383352811.96
2025-05,电动载人汽车,日本,JPN,亚洲,273285460.12
2025-05,电动载人汽车,韩国,KOR,亚洲,176053551.06
2025-05,电动载人汽车,越南,VNM,亚洲,272506372.5
2025-05,电动载人汽车,泰国,THA,亚洲,197124486.44
2025-05,电动载人汽车,巴西,BRA,拉美,134225880.48
2025-05,电动载人汽车,墨西哥,MEX,拉美,236913483.3
2025-05,电动载人汽车,澳大利亚,AUS,大洋洲,172699320.37
2025-05,电动载人汽车,沙特阿拉伯,SAU,中东,108826392.49
2025-05,锂离子蓄电池,美国,USA,北美,358899073.99
2025-05,锂离子蓄电池,德国,DEU,欧洲,510923093.69
2025-05,锂离子蓄电池,荷兰,NLD,欧洲,366148542.67
2025-05,锂离子蓄电池,英国,GBR,欧洲,244231607.05
2025-05,锂离子蓄电池,日本,JPN,亚洲,380419859.72
2025-05,锂离子蓄电池,韩国,KOR,亚洲,261382771.09
2025-05,锂离子蓄电池,越南,VNM,亚洲,164109295.37
2025-05,锂离子蓄电池,泰国,THA,亚洲,275906562.06
2025-05,锂离子蓄电池,巴西,BRA,拉美,204283701.89
2025-05,锂离子蓄电池,墨西哥,MEX,拉美,135755259.95
2025-05,锂离子蓄电池,澳大利亚,AUS,大洋洲,247600272.94
2025-05,锂离子蓄电池,沙特阿拉伯,SAU,中东,171111251.97
2025-05,太阳能电池,美国,USA,北美,208995232.29
2025-05,太阳能电池,德国,DEU,欧洲,129964068.42
2025-05,太阳能电池,荷兰,NLD,欧洲,204157370.88
2025-05,太阳能电池,英国,GBR,欧洲,146119795.88
2025-05,太阳能电池,日本,JPN,亚洲,92665941.91
2025-05,太阳能电池,韩国,KOR,亚洲,147644227.67
2025-05,太阳能电池,越南,VNM,亚洲,100153694.81
2025-05,太阳能电池,泰国,THA,亚洲,63131613.76
2025-05,太阳能电池,巴西,BRA,拉美,117152448.8
2025-05,太阳能电池,墨西哥,MEX,拉美,85868987.67
2025-05,太阳能电池,澳大利亚,AUS,大洋洲,136755961.42
2025-05,太阳能电池,沙特阿拉伯,SAU,中东,100034367.55
2025-06,电动载人汽车,美国,USA,北美,219344809.3
2025-06,电动载人汽车,德国,DEU,欧洲,368066002.21
2025-06,电动载人汽车,荷兰,NLD,欧洲,246790981.98
2025-06,电动载人汽车,英国,GBR,欧洲,364736412.08
2025-06,电动载人汽车,日本,JPN,亚洲,252527962.27
2025-06,电动载人汽车,韩国,KOR,亚洲,162469159.86
2025-06,电动载人汽车,越南,VNM,亚洲,259387041.39
2025-06,电动载人汽车,泰国,THA,亚洲,194324891.81
2025-06,电动载人汽车,巴西,BRA,拉美,133200150.75
2025-06,电动载人汽车,墨西哥,MEX,拉美,229348600.12
2025-06,电动载人汽车,澳大利亚,AUS,大洋洲,161820246.77
2025-06,电动载人汽车,沙特阿拉伯,SAU,中东,100849916.53
2025-06,锂离子蓄电池,美国,USA,北美,344449540.22
2025-06,锂离子蓄电池,德国,DEU,欧洲,506534157.95
2025-06,锂离子蓄电池,荷兰,NLD,欧洲,361398053.88
2025-06,锂离子蓄电池,英国,GBR,欧洲,233067478.7
2025-06,锂离子蓄电池,日本,JPN,亚洲,351404408.99
2025-06,锂离子蓄电池,韩国,KOR,亚洲,241101431.63
2025-06,锂离子蓄电池,越南,VNM,亚洲,156715295.74
2025-06,锂离子蓄电池,泰国,THA,亚洲,273940847.86
2025-06,锂离子蓄电池,巴西,BRA,拉美,204217468.67
2025-06,锂离子蓄电池,墨西哥,MEX,拉美,131965405.9
2025-06,锂离子蓄电池,澳大利亚,AUS,大洋洲,232091965.63
2025-06,锂离子蓄电池,沙特阿拉伯,SAU,中东,158431659.99
2025-06,太阳能电池,美国,USA,北美,213267272.72
2025-06,太阳能电池,德国,DEU,欧洲,136950353.84
2025-06,太阳能电池,荷兰,NLD,欧洲,213629743.49
2025-06,太阳能电池,英国,GBR,欧洲,147491464.82
2025-06,太阳能电池,日本,JPN,亚洲,90531211.3
2025-06,太阳能电池,韩国,KOR,亚洲,144351264.7
2025-06,太阳能电池,越南,VNM,亚洲,101644470.2
2025-06,太阳能电池,泰国,THA,亚洲,66650584.45
2025-06,太阳能电池,巴西,BRA,拉美,124260597.32
2025-06,太阳能电池,墨西哥,MEX,拉美,88333284.68
2025-06,太阳能电池,澳大利亚,AUS,大洋洲,135546326.63
2025-06,太阳能电池,沙特阿拉伯,SAU,中东,98097027.89
2025-07,电动载人汽车,美国,USA,北美,215226532.16
2025-07,电动载人汽车,德国,DEU,欧洲,359826688.52
2025-07,电动载人汽车,荷兰,NLD,欧洲,233694210.98
2025-07,电动载人汽车,英国,GBR,欧洲,334792229.11
2025-07,电动载人汽车,日本,JPN,亚洲,231412155.31
2025-07,电动载人汽车,韩国,KOR,亚洲,153842774.96
2025-07,电动载人汽车,越南,VNM,亚洲,254933561.37
2025-07,电动载人汽车,泰国,THA,亚洲,192335140.19
2025-07,电动载人汽车,巴西,BRA,拉美,128413759.06
2025-07,电动载人汽车,墨西哥,MEX,拉美,213568804.65
2025-07,电动载人汽车,澳大利亚,AUS,大洋洲,148890425.69
2025-07,电动载人汽车,沙特阿拉伯,SAU,中东,95113915.83
2025-07,锂离子蓄电池,美国,USA,北美,351618827.38
2025-07,锂离子蓄电池,德国,DEU,欧洲,514115883.29
2025-07,锂离子蓄电池,荷兰,NLD,欧洲,354059175.09
2025-07,锂离子蓄电池,英国,GBR,欧洲,220885488.89
2025-07,锂离子蓄电池,日本,JPN,亚洲,332874103.94
2025-07,锂离子蓄电池,韩国,KOR,亚洲,236874579.18
2025-07,锂离子蓄电池,越南,VNM,亚洲,160228532.57
2025-07,锂离子蓄电池,泰国,THA,亚洲,281739086.1
2025-07,锂离子蓄电池,巴西,BRA,拉美,203884152.54
2025-07,锂离子蓄电池,墨西哥,MEX,拉美,126917099.26
2025-07,锂离子蓄电池,澳大利亚,AUS,大洋洲,220594199.31
2025-07,锂离子蓄电池,沙特阿拉伯,SAU,中东,154856800.8
2025-07,太阳能电池,美国,USA,北美,231550233.94
2025-07,太阳能电池,德国,DEU,欧洲,147520057.16
2025-07,太阳能电池,荷兰,NLD,欧洲,222095107.01
2025-07,太阳能电池,英国,GBR,欧洲,148636705.14
2025-07,太阳能电池,日本,JPN,亚洲,91414770.62
2025-07,太阳能电池,韩国,KOR,亚洲,151252151.45
2025-07,太阳能电池,越南,VNM,亚洲,110615848.63
2025-07,太阳能电池,泰国,THA,亚洲,72782655.79
2025-07,太阳能电池,巴西,BRA,拉美,131618314.43
2025-07,太阳能电池,墨西哥,MEX,拉美,90269861.97
2025-07,太阳能电池,澳大利亚,AUS,大洋洲,137249407.44
2025-07,太阳能电池,沙特阿拉伯,SAU,中东,102274977.28
2025-08,电动载人汽车,美国,USA,北美,213431649.26
2025-08,电动载人汽车,德国,DEU,欧洲,344931029.6
2025-08,电动载人汽车,荷兰,NLD,欧洲,216823518.46
2025-08,电动载人汽车,英国,GBR,欧洲,310196588.89
2025-08,电动载人汽车,日本,JPN,亚洲,222015688.91
2025-08,电动载人汽车,韩国,KOR,亚洲,153478870.43
2025-08,电动载人汽车,越南,VNM,亚洲,256058548.73
2025-08,电动载人汽车,泰国,THA,亚洲,187819978.12
2025-08,电动载人汽车,巴西,BRA,拉美,120904270.17
2025-08,电动载人汽车,墨西哥,MEX,拉美,198621145.44
2025-08,电动载人汽车,澳大利亚,AUS,大洋洲,142177073.3
2025-08,电动载人汽车,沙特阿拉伯,SAU,中东,94758163.58
2025-08,锂离子蓄电池,美国,USA,北美,369304153.05
2025-08,锂离子蓄电池,德国,DEU,欧洲,520872933.04
2025-08,锂离子蓄电池,荷兰,NLD,欧洲,347225690.72
2025-08,锂离子蓄电池,英国,GBR,欧洲,216812061.88
2025-08,锂离子蓄电池,日本,JPN,亚洲,339171974.79
2025-08,锂离子蓄电池,韩国,KOR,亚洲,251047128.84
2025-08,锂离子蓄电池,越南,VNM,亚洲,170587564.18
2025-08,锂离子蓄电池,泰国,THA,亚洲,290899703.41
2025-08,锂离子蓄电池,巴西,BRA,拉美,202846162.83
2025-08,锂离子蓄电池,墨西哥,MEX,拉美,124947013.15
2025-08,锂离子蓄电池,澳大利亚,AUS,大洋洲,223588580.68
2025-08,锂离子蓄电池,沙特阿拉伯,SAU,中东,163932942.04
2025-08,太阳能电池,美国,USA,北美,252956097.72
2025-08,太阳能电池,德国,DEU,欧洲,155784845.48
2025-08,太阳能电池,荷兰,NLD,欧洲,227789628.55
2025-08,太阳能电池,英国,GBR,欧洲,152845889.78
2025-08,太阳能电池,日本,JPN,亚洲,97398448.97
2025-08,太阳能电池,韩国,KOR,亚洲,167012672.66
2025-08,太阳能电池,越南,VNM,亚洲,122482113.91
2025-08,太阳能电池,泰国,THA,亚洲,78265247.01
2025-08,太阳能电池,巴西,BRA,拉美,136822904.26
2025-08,太阳能电池,墨西哥,MEX,拉美,93087613.35
2025-08,太阳能电池,澳大利亚,AUS,大洋洲,145592711.37
2025-08,太阳能电池,沙特阿拉伯,SAU,中东,112912187.15
2025-09,电动载人汽车,美国,USA,北美,210273419.7
2025-09,电动载人汽车,德国,DEU,欧洲,328742290.61
2025-09,电动载人汽车,荷兰,NLD,欧洲,206569567.5
2025-09,电动载人汽车,英国,GBR,欧洲,306547547.36
2025-09,电动载人汽车,日本,JPN,亚洲,228328712.11
2025-09,电动载人汽车,韩国,KOR,亚洲,158758959.62
2025-09,电动载人汽车,越南,VNM,亚洲,257083690.33
2025-09,电动载人汽车,泰国,THA,亚洲,181649144.98
2025-09,电动载人汽车,巴西,BRA,拉美,115570173.81
2025-09,电动载人汽车,墨西哥,MEX,拉美,195273503.57
2025-09,电动载人汽车,澳大利亚,AUS,大洋洲,146012912.75
2025-09,电动载人汽车,沙特阿拉伯,SAU,中东,99023701.61
2025-09,锂离子蓄电池,美国,USA,北美,385010365.57
2025-09,锂离子蓄电池,德国,DEU,欧洲,526471159.16
2025-09,锂离子蓄电池,荷兰,NLD,欧洲,351682327.26
2025-09,锂离子蓄电池,英国,GBR,欧洲,227847174.55
2025-09,锂离子蓄电池,日本,JPN,亚洲,370129380.91
2025-09,锂离子蓄电池,韩国,KOR,亚洲,274879087.7
2025-09,锂离子蓄电池,越南,VNM,亚洲,181185406.9
2025-09,锂离子蓄电池,泰国,THA,亚洲,298143532.98
2025-09,锂离子蓄电池,巴西,BRA,拉美,206018853.41
2025-09,锂离子蓄电池,墨西哥,MEX,拉美,130658509.06
2025-09,锂离子蓄电池,澳大利亚,AUS,大洋洲,243835933.21
2025-09,锂离子蓄电池,沙特阿拉伯,SAU,中东,181440062.46
2025-09,太阳能电池,美国,USA,北美,266738578.16
2025-09,太阳能电池,德国,DEU,欧洲,159825421.36
2025-09,太阳能电池,荷兰,NLD,欧洲,234300176.81
2025-09,太阳能电池,英国,GBR,欧洲,162558054.57
2025-09,太阳能电池,日本,JPN,亚洲,107133465.6
2025-09,太阳能电池,韩国,KOR,亚洲,184216065.1
2025-09,太阳能电池,越南,VNM,亚洲,131435124.33
2025-09,太阳能电池,泰国,THA,亚洲,81353551.47
2025-09,太阳能电池,巴西,BRA,拉美,141164547.47
2025-09,太阳能电池,墨西哥,MEX,拉美,98638287.25
2025-09,太阳能电池,澳大利亚,AUS,大洋洲,160184813.91
2025-09,太阳能电池,沙特阿拉伯,SAU,中东,125858584.45
2025-10,电动载人汽车,美国,USA,北美,207410982.82
2025-10,电动载人汽车,德国,DEU,欧洲,324591273.17
2025-10,电动载人汽车,荷兰,NLD,欧洲,211727574.34
2025-10,电动载人汽车,英国,GBR,欧洲,326781947.7
2025-10,电动载人汽车,日本,JPN,亚洲,244476894.97
2025-10,电动载人汽车,韩国,KOR,亚洲,164850867.72
2025-10,电动载人汽车,越南,VNM,亚洲,257248341.65
2025-10,电动载人汽车,泰国,THA,亚洲,179883700.45
2025-10,电动载人汽车,巴西,BRA,拉美,117835790.23
2025-10,电动载人汽车,墨西哥,MEX,拉美,207931057.95
2025-10,电动载人汽车,澳大利亚,AUS,大洋洲,158004827.01
2025-10,电动载人汽车,沙特阿拉伯,SAU,中东,104732446.96
2025-10,锂离子蓄电池,美国,USA,北美,395452787.8
2025-10,锂离子蓄电池,德国,DEU,欧洲,542174687.57
2025-10,锂离子蓄电池,荷兰,NLD,欧洲,375187050.42
2025-10,锂离子蓄电池,英国,GBR,欧洲,251864399.94
2025-10,锂离子蓄电池,日本,JPN,亚洲,410273253.35
2025-10,锂离子蓄电池,韩国,KOR,亚洲,295944910.63
2025-10,锂离子蓄电池,越南,VNM,亚洲,188614813.79
2025-10,锂离子蓄电池,泰国,THA,亚洲,307905973.78
2025-10,锂离子蓄电池,巴西,BRA,拉美,218839115.61
2025-10,锂离子蓄电池,墨西哥,MEX,拉美,144412115.63
2025-10,锂离子蓄电池,澳大利亚,AUS,大洋洲,273197112.57
2025-10,锂离子蓄电池,沙特阿拉伯,SAU,中东,198829655.7
2025-10,太阳能电池,美国,USA,北美,269637921.02
2025-10,太阳能电池,德国,DEU,欧洲,161897470.61
2025-10,太阳能电池,荷兰,NLD,欧洲,244928452.36
2025-10,太阳能电池,英国,GBR,欧洲,175489439.17
2025-10,太阳能电池,日本,JPN,亚洲,116030322.31
2025-10,太阳能电池,韩国,KOR,亚洲,194446233.65
2025-10,太阳能电池,越南,VNM,亚洲,134588834.34
2025-10,太阳能电池,泰国,THA,亚洲,82688327.97
2025-10,太阳能电池,巴西,BRA,拉美,147113918.61
2025-10,太阳能电池,墨西哥,MEX,拉美,106537941.49
2025-10,太阳能电池,澳大利亚,AUS,大洋洲,175263490.43
2025-10,太阳能电池,沙特阿拉伯,SAU,中东,135070358.07
2025-11,电动载人汽车,美国,USA,北美,211108288.98
2025-11,电动载人汽车,德国,DEU,欧洲,342757044.44
2025-11,电动载人汽车,荷兰,NLD,欧洲,232123607.35
2025-11,电动载人汽车,英国,GBR,欧洲,359432673.24
2025-11,电动载人汽车,日本,JPN,亚洲,260868141.77
2025-11,电动载人汽车,韩国,KOR,亚洲,169767127.23
2025-11,电动载人汽车,越南,VNM,亚洲,262558065.62
2025-11,电动载人汽车,泰国,THA,亚洲,189022333.63
2025-11,电动载人汽车,巴西,BRA,拉美,129108494.2
2025-11,电动载人汽车,墨西哥,MEX,拉美,231186234.56
2025-11,电动载人汽车,澳大利亚,AUS,大洋洲,171686096.43
2025-11,电动载人汽车,沙特阿拉伯,SAU,中东,109607499.09
2025-11,锂离子蓄电池,美国,USA,北美,406714455.31
2025-11,锂离子蓄电池,德国,DEU,欧洲,576459223.59
2025-11,锂离子蓄电池,荷兰,NLD,欧洲,412501182.02
2025-11,锂离子蓄电池,英国,GBR,欧洲,277689984.8
2025-11,锂离子蓄电池,日本,JPN,亚洲,440149365.35
2025-11,锂离子蓄电池,韩国,KOR,亚洲,307593210.8
2025-11,锂离子蓄电池,越南,VNM,亚洲,194585830.33
2025-11,锂离子蓄电池,泰国,THA,亚洲,326191656.12
2025-11,锂离子蓄电池,巴西,BRA,拉美,240671156.37
2025-11,锂离子蓄电池,墨西哥,MEX,拉美,160897482.85
2025-11,锂离子蓄电池,澳大利亚,AUS,大洋洲,298139677.75
2025-11,锂离子蓄电池,沙特阿拉伯,SAU,中东,209805921.78
2025-11,太阳能电池,美国,USA,北美,266217313.54
2025-11,太阳能电池,德国,DEU,欧洲,164726400.45
2025-11,太阳能电池,荷兰,NLD,欧洲,257187050.53
2025-11,太阳能电池,英国,GBR,欧洲,185003180.01
2025-11,太阳能电池,日本,JPN,亚洲,119371433.34
2025-11,太阳能电池,韩国,KOR,亚洲,194215677.48
2025-11,太阳能电池,越南,VNM,亚洲,133376438.89
2025-11,太阳能电池,泰国,THA,亚洲,83906397.03
2025-11,太阳能电池,巴西,BRA,拉美,154561019.75
2025-11,太阳能电池,墨西哥,MEX,拉美,113427285.59
2025-11,太阳能电池,澳大利亚,AUS,大洋洲,183260231.46
2025-11,太阳能电池,沙特阿拉伯,SAU,中东,136913359.75
2025-12,电动载人汽车,美国,USA,北美,225925855.52
2025-12,电动载人汽车,德国,DEU,欧洲,380003127.35
2025-12,电动载人汽车,荷兰,NLD,欧洲,258052433.21
2025-12,电动载人汽车,英国,GBR,欧洲,388169438.29
2025-12,电动载人汽车,日本,JPN,亚洲,272451995.41
2025-12,电动载人汽车,韩国,KOR,亚洲,175911427.8
2025-12,电动载人汽车,越南,VNM,亚洲,279791283.93
2025-12,电动载人汽车,泰国,THA,亚洲,209544130.85
2025-12,电动载人汽车,巴西,BRA,拉美,145075930.47
2025-12,电动载人汽车,墨西哥,MEX,拉美,254109816.52
2025-12,电动载人汽车,澳大利亚,AUS,大洋洲,182121135.5
2025-12,电动载人汽车,沙特阿拉伯,SAU,中东,114255249.66
2025-12,锂离子蓄电池,美国,USA,北美,424561723.29
2025-12,锂离子蓄电池,德国,DEU,欧洲,621375676.94
2025-12,锂离子蓄电池,荷兰,NLD,欧洲,446107341.87
2025-12,锂离子蓄电池,英国,GBR,欧洲,292726217.23
2025-12,锂离子蓄电池,日本,JPN,亚洲,450164537.14
2025-12,锂离子蓄电池,韩国,KOR,亚洲,312254509.31
2025-12,锂离子蓄电池,越南,VNM,亚洲,202508571.81
2025-12,锂离子蓄电池,泰国,THA,亚洲,351787370.6
2025-12,锂离子蓄电池,巴西,BRA,拉美,262935340.72
2025-12,锂离子蓄电池,墨西哥,MEX,拉美,172439971.29
2025-12,锂离子蓄电池,澳大利亚,AUS,大洋洲,309478719.33
2025-12,锂离子蓄电池,沙特阿拉伯,SAU,中东,214318634.83
2025-12,太阳能电池,美国,USA,北美,262612542.93
2025-12,太阳能电池,德国,DEU,欧洲,167736559.29
2025-12,太阳能电池,荷兰,NLD,欧洲,263151057.17
2025-12,太阳能电池,英国,GBR,欧洲,184854139.79
2025-12,太阳能电池,日本,JPN,亚洲,115788489.47
2025-12,太阳能电池,韩国,KOR,亚洲,186765039.66
2025-12,太阳能电池,越南,VNM,亚洲,131229601.1
2025-12,太阳能电池,泰国,THA,亚洲,85472881.07
2025-12,太阳能电池,巴西,BRA,拉美,159671375.26
2025-12,太阳能电池,墨西哥,MEX,拉美,115175475.13
2025-12,太阳能电池,澳大利亚,AUS,大洋洲,180419487.81
2025-12,太阳能电池,沙特阿拉伯,SAU,中东,132549233.92
2026-01,电动载人汽车,美国,USA,北美,248751017.23
2026-01,电动载人汽车,德国,DEU,欧洲,419580064.38
2026-01,电动载人汽车,荷兰,NLD,欧洲,277294668.2
2026-01,电动载人汽车,英国,GBR,欧洲,404168261.39
2026-01,电动载人汽车,日本,JPN,亚洲,281584480.91
2026-01,电动载人汽车,韩国,KOR,亚洲,186665724.16
2026-01,电动载人汽车,越南,VNM,亚洲,308153663.58
2026-01,电动载人汽车,泰国,THA,亚洲,233799367.71
2026-01,电动载人汽车,巴西,BRA,拉美,158570635.63
2026-01,电动载人汽车,墨西哥,MEX,拉美,268607253.51
2026-01,电动载人汽车,澳大利亚,AUS,大洋洲,189369995.4
2026-01,电动载人汽车,沙特阿拉伯,SAU,中东,120925712.93
2026-01,锂离子蓄电池,美国,USA,北美,444909790.59
2026-01,锂离子蓄电池,德国,DEU,欧洲,653785983.96
2026-01,锂离子蓄电池,荷兰,NLD,欧洲,458099948.53
2026-01,锂离子蓄电池,英国,GBR,欧洲,291843564.1
2026-01,锂离子蓄电池,日本,JPN,亚洲,445266826.43
2026-01,锂离子蓄电池,韩国,KOR,亚洲,316225764.32
2026-01,锂离子蓄电池,越南,VNM,亚洲,212328522.12
2026-01,锂离子蓄电池,泰国,THA,亚洲,373796390.99
2026-01,锂离子蓄电池,巴西,BRA,拉美,274415302.43
2026-01,锂离子蓄电池,墨西哥,MEX,拉美,174472898.68
2026-01,锂离子蓄电池,澳大利亚,AUS,大洋洲,308104244.6
2026-01,锂离子蓄电池,沙特阿拉伯,SAU,中东,216678284.0
2026-01,太阳能电池,美国,USA,北美,259997330.56
2026-01,太阳能电池,德国,DEU,欧洲,167017570.01
2026-01,太阳能电池,荷兰,NLD,欧洲,255864683.76
2026-01,太阳能电池,英国,GBR,欧洲,174317790.0
2026-01,太阳能电池,日本,JPN,亚洲,108135991.62
2026-01,太阳能电池,韩国,KOR,亚洲,178435585.02
2026-01,太阳能电池,越南,VNM,亚洲,129929016.46
2026-01,太阳能电池,泰国,THA,亚洲,85912781.05
2026-01,太阳能电池,巴西,BRA,拉美,157789472.93
2026-01,太阳能电池,墨西哥,MEX,拉美,110271283.01
2026-01,太阳能电池,澳大利亚,AUS,大洋洲,169673402.61
2026-01,太阳能电池,沙特阿拉伯,SAU,中东,126431240.47
2026-02,电动载人汽车,美国,USA,北美,269145200.11
2026-02,电动载人汽车,德国,DEU,欧洲,442571754.17
2026-02,电动载人汽车,荷兰,NLD,欧洲,283806050.36
2026-02,电动载人汽车,英国,GBR,欧洲,410574748.41
2026-02,电动载人汽车,日本,JPN,亚洲,293210901.02
2026-02,电动载人汽车,韩国,KOR,亚洲,201399681.98
2026-02,电动载人汽车,越南,VNM,亚洲,336811471.36
2026-02,电动载人汽车,泰国,THA,亚洲,250716118.44
2026-02,电动载人汽车,巴西,BRA,拉美,164715829.54
2026-02,电动载人汽车,墨西哥,MEX,拉美,274578846.69
2026-02,电动载人汽车,澳大利亚,AUS,大洋洲,196788210.46
2026-02,电动载人汽车,沙特阿拉伯,SAU,中东,130278570.73
2026-02,锂离子蓄电池,美国,USA,北美,454346680.63
2026-02,锂离子蓄电池,德国,DEU,欧洲,652012728.74
2026-02,锂离子蓄电池,荷兰,NLD,欧洲,443479532.66
2026-02,锂离子蓄电池,英国,GBR,欧洲,280074064.32
2026-02,锂离子蓄电池,日本,JPN,亚洲,437187068.44
2026-02,锂离子蓄电池,韩国,KOR,亚洲,321473056.56
2026-02,锂离子蓄电池,越南,VNM,亚洲,218920398.42
2026-02,锂离子蓄电池,泰国,THA,亚洲,378833528.15
2026-02,锂离子蓄电池,巴西,BRA,拉美,269637907.47
2026-02,锂离子蓄电池,墨西哥,MEX,拉美,168570202.61
2026-02,锂离子蓄电池,澳大利亚,AUS,大洋洲,302047750.83
2026-02,锂离子蓄电池,沙特阿拉伯,SAU,中东,219951922.21
2026-02,太阳能电池,美国,USA,北美,253997168.35
2026-02,太阳能电池,德国,DEU,欧洲,159203626.64
2026-02,太阳能电池,荷兰,NLD,欧洲,236151412.16
2026-02,太阳能电池,英国,GBR,欧洲,159150971.98
2026-02,太阳能电池,日本,JPN,亚洲,101052878.41
2026-02,太阳能电池,韩国,KOR,亚洲,173111423.26
2026-02,太阳能电池,越南,VNM,亚洲,128125311.52
2026-02,太阳能电池,泰国,THA,亚洲,83262491.79
2026-02,太阳能电池,巴西,BRA,拉美,147930796.54
2026-02,太阳能电池,墨西哥,MEX,拉美,101400209.49
2026-02,太阳能电池,澳大利亚,AUS,大洋洲,158247430.0
2026-02,太阳能电池,沙特阿拉伯,SAU,中东,122376448.34
2026-03,电动载人汽车,美国,USA,北美,276412327.57
2026-03,电动载人汽车,德国,DEU,欧洲,441296843.89
2026-03,电动载人汽车,荷兰,NLD,欧洲,280739381.57
2026-03,电动载人汽车,英国,GBR,欧洲,415790075.22
2026-03,电动载人汽车,日本,JPN,亚洲,307413477.94
2026-03,电动载人汽车,韩国,KOR,亚洲,214000989.32
2026-03,电动载人汽车,越南,VNM,亚洲,351550410.43
2026-03,电动载人汽车,泰国,THA,亚洲,253706860.84
2026-03,电动载人汽车,巴西,BRA,拉美,164000432.16
2026-03,电动载人汽车,墨西哥,MEX,拉美,277604297.08
2026-03,电动载人汽车,澳大利亚,AUS,大洋洲,206041557.51
2026-03,电动载人汽车,沙特阿拉伯,SAU,中东,139418497.03
2026-03,锂离子蓄电池,美国,USA,北美,441118097.21
2026-03,锂离子蓄电池,德国,DEU,欧洲,613871600.36
2026-03,锂离子蓄电池,荷兰,NLD,欧洲,413468722.18
2026-03,锂离子蓄电池,英国,GBR,欧洲,267135609.14
2026-03,锂离子蓄电池,日本,JPN,亚洲,432186212.29
2026-03,锂离子蓄电池,韩国,KOR,亚洲,322663307.65
2026-03,锂离子蓄电池,越南,VNM,亚洲,216027726.66
2026-03,锂离子蓄电池,泰国,THA,亚洲,362139812.55
2026-03,锂离子蓄电池,巴西,BRA,拉美,253153637.61
2026-03,锂离子蓄电池,墨西哥,MEX,拉美,160517370.23
2026-03,锂离子蓄电池,澳大利亚,AUS,大洋洲,298051566.17
2026-03,锂离子蓄电池,沙特阿拉伯,SAU,中东,222236449.63
2026-03,太阳能电池,美国,USA,北美,240434333.98
2026-03,太阳能电池,德国,DEU,欧洲,145618973.67
2026-03,太阳能电池,荷兰,NLD,欧洲,213454926.18
2026-03,太阳能电池,英国,GBR,欧洲,147415284.76
2026-03,太阳能电池,日本,JPN,亚洲,97399418.3
2026-03,太阳能电池,韩国,KOR,亚洲,169781171.67
2026-03,太阳能电池,越南,VNM,亚洲,123377576.76
2026-03,太阳能电池,泰国,THA,亚洲,77402203.56
2026-03,太阳能电池,巴西,BRA,拉美,134685377.89
2026-03,太阳能电池,墨西哥,MEX,拉美,93687455.22
2026-03,太阳能电池,澳大利亚,AUS,大洋洲,152079597.97
2026-03,太阳能电池,沙特阿拉伯,SAU,中东,120789446.9
2026-04,电动载人汽车,美国,USA,北美,267604351.43
2026-04,电动载人汽车,德国,DEU,欧洲,423485179.89
2026-04,电动载人汽车,荷兰,NLD,欧洲,275625902.42
2026-04,电动载人汽车,英国,GBR,欧洲,422682631.57
2026-04,电动载人汽车,日本,JPN,亚洲,316979791.51
2026-04,电动载人汽车,韩国,KOR,亚洲,216909147.16
2026-04,电动载人汽车,越南,VNM,亚洲,345455762.29
2026-04,电动载人汽车,泰国,THA,亚洲,245120462.22
2026-04,电动载人汽车,巴西,BRA,拉美,160765510.66
2026-04,电动载人汽车,墨西哥,MEX,拉美,281787596.37
2026-04,电动载人汽车,澳大利亚,AUS,大洋洲,213915278.02
2026-04,电动载人汽车,沙特阿拉伯,SAU,中东,143439176.8
2026-04,锂离子蓄电池,美国,USA,北美,406847652.76
2026-04,锂离子蓄电池,德国,DEU,欧洲,560012086.03
2026-04,锂离子蓄电池,荷兰,NLD,欧洲,386107427.87
2026-04,锂离子蓄电池,英国,GBR,欧洲,259028452.26
2026-04,锂离子蓄电池,日本,JPN,亚洲,426008662.68
2026-04,锂离子蓄电池,韩国,KOR,亚洲,312559247.44
2026-04,锂离子蓄电池,越南,VNM,亚洲,202398838.8
2026-04,锂离子蓄电池,泰国,THA,亚洲,332744333.41
2026-04,锂离子蓄电池,巴西,BRA,拉美,235926162.67
2026-04,锂离子蓄电池,墨西哥,MEX,拉美,155279147.15
2026-04,锂离子蓄电池,澳大利亚,AUS,大洋洲,295691509.72
2026-04,锂离子蓄电池,沙特阿拉伯,SAU,中东,218590749.86
2026-04,太阳能电池,美国,USA,北美,221645445.9
2026-04,太阳能电池,德国,DEU,欧洲,132597340.01
2026-04,太阳能电池,荷兰,NLD,欧洲,199506762.88
2026-04,太阳能电池,英国,GBR,欧洲,143699135.3
2026-04,太阳能电池,日本,JPN,亚洲,96662028.97
2026-04,太阳能电池,韩国,KOR,亚洲,165188215.41
2026-04,太阳能电池,越南,VNM,亚洲,115646958.87
2026-04,太阳能电池,泰国,THA,亚洲,70986855.34
2026-04,太阳能电池,巴西,BRA,拉美,125488497.8
2026-04,太阳能电池,墨西哥,MEX,拉美,91008482.84
2026-04,太阳能电池,澳大利亚,AUS,大洋洲,151906874.16
2026-04,太阳能电池,沙特阿拉伯,SAU,中东,119446516.68
2026-05,电动载人汽车,美国,USA,北美,249585961.1
2026-05,电动载人汽车,德国,DEU,欧洲,404078908.84
2026-05,电动载人汽车,荷兰,NLD,欧洲,272616383.62
2026-05,电动载人汽车,英国,GBR,欧洲,424516491.05
2026-05,电动载人汽车,日本,JPN,亚洲,312985754.62
2026-05,电动载人汽车,韩国,KOR,亚洲,207455922.62
2026-05,电动载人汽车,越南,VNM,亚洲,324460684.48
2026-05,电动载人汽车,泰国,THA,亚洲,233496316.67
2026-05,电动载人汽车,巴西,BRA,拉美,158715236.27
2026-05,电动载人汽车,墨西哥,MEX,拉美,284889107.42
2026-05,电动载人汽车,澳大利亚,AUS,大洋洲,214414765.68
2026-05,电动载人汽车,沙特阿拉伯,SAU,中东,139457932.66
2026-05,锂离子蓄电池,美国,USA,北美,367970914.53
2026-05,锂离子蓄电池,德国,DEU,欧洲,519103937.7
2026-05,锂离子蓄电池,荷兰,NLD,欧洲,372506636.86
2026-05,锂离子蓄电池,英国,GBR,欧洲,254309777.13
2026-05,锂离子蓄电池,日本,JPN,亚洲,410601923.52
2026-05,锂离子蓄电池,韩国,KOR,亚洲,290772442.18
2026-05,锂离子蓄电池,越南,VNM,亚洲,184389405.1
2026-05,锂离子蓄电池,泰国,THA,亚洲,307647048.01
2026-05,锂离子蓄电池,巴西,BRA,拉美,226936504.06
2026-05,锂离子蓄电池,墨西哥,MEX,拉美,153424965.21
2026-05,锂离子蓄电池,澳大利亚,AUS,大洋洲,289518161.75
2026-05,锂离子蓄电池,沙特阿拉伯,SAU,中东,206938554.7
2026-05,太阳能电池,美国,USA,北美,206904884.42
2026-05,太阳能电池,德国,DEU,欧洲,127273970.82
2026-05,太阳能电池,荷兰,NLD,欧洲,200010758.77
2026-05,太阳能电池,英国,GBR,欧洲,146616071.6
2026-05,太阳能电池,日本,JPN,亚洲,96527096.59
2026-05,太阳能电池,韩国,KOR,亚洲,158696299.94
2026-05,太阳能电池,越南,VNM,亚洲,108699669.43
2026-05,太阳能电池,泰国,THA,亚洲,67884900.67
2026-05,太阳能电池,巴西,BRA,拉美,125335609.74
2026-05,太阳能电池,墨西哥,MEX,拉美,93485444.4
2026-05,太阳能电池,澳大利亚,AUS,大洋洲,154258325.6
2026-05,太阳能电池,沙特阿拉伯,SAU,中东,116866441.61
2026-06,电动载人汽车,美国,USA,北美,233394339.84
2026-06,电动载人汽车,德国,DEU,欧洲,392439501.8
2026-06,电动载人汽车,荷兰,NLD,欧洲,269176464.84
2026-06,电动载人汽车,英国,GBR,欧洲,411893716.2
2026-06,电动载人汽车,日本,JPN,亚洲,293667551.1
2026-06,电动载人汽车,韩国,KOR,亚洲,190868013.08
2026-06,电动载人汽车,越南,VNM,亚洲,302788888.22
2026-06,电动载人汽车,泰国,THA,亚洲,226223589.27
2026-06,电动载人汽车,巴西,BRA,拉美,157724155.2
2026-06,电动载人汽车,墨西哥,MEX,拉美,280682511.88
2026-06,电动载人汽车,澳大利亚,AUS,大洋洲,204615161.94
2026-06,电动载人汽车,沙特阿拉伯,SAU,中东,129610303.81
2026-06,锂离子蓄电池,美国,USA,北美,344768673.2
2026-06,锂离子蓄电池,德国,DEU,欧洲,507347129.21
2026-06,锂离子蓄电池,荷兰,NLD,欧洲,370660093.71
2026-06,锂离子蓄电池,英国,GBR,欧洲,248044473.26
2026-06,锂离子蓄电池,日本,JPN,亚洲,385766650.45
2026-06,锂离子蓄电池,韩国,KOR,亚洲,267277665.5
2026-06,锂离子蓄电池,越南,VNM,亚洲,172209729.01
2026-06,锂离子蓄电池,泰国,THA,亚洲,299623499.05
2026-06,锂离子蓄电池,巴西,BRA,拉美,227279986.09
2026-06,锂离子蓄电池,墨西哥,MEX,拉美,152103608.1
2026-06,锂离子蓄电池,澳大利亚,AUS,大洋洲,276947191.67
2026-06,锂离子蓄电池,沙特阿拉伯,SAU,中东,192206069.19
2026-06,太阳能电池,美国,USA,北美,205895133.29
2026-06,太阳能电池,德国,DEU,欧洲,132289716.59
2026-06,太阳能电池,荷兰,NLD,欧洲,211328281.99
2026-06,太阳能电池,英国,GBR,欧洲,151428334.38
2026-06,太阳能电池,日本,JPN,亚洲,95890185.68
2026-06,太阳能电池,韩国,KOR,亚洲,154392707.41
2026-06,太阳能电池,越南,VNM,亚洲,107740351.41
2026-06,太阳能电池,泰国,THA,亚洲,70306393.38
2026-06,太阳能电池,巴西,BRA,拉美,133379427.75
2026-06,太阳能电池,墨西哥,MEX,拉美,98213412.82
2026-06,太阳能电池,澳大利亚,AUS,大洋洲,156052346.25
2026-06,太阳能电池,沙特阿拉伯,SAU,中东,114825605.33
2026-07,电动载人汽车,美国,USA,北美,225874943.9
2026-07,电动载人汽车,德国,DEU,欧洲,386519737.95
2026-07,电动载人汽车,荷兰,NLD,欧洲,260237965.34
2026-07,电动载人汽车,英国,GBR,欧洲,384284510.6
2026-07,电动载人汽车,日本,JPN,亚洲,268275927.78
2026-07,电动载人汽车,韩国,KOR,亚洲,176973590.47
2026-07,电动载人汽车,越南,VNM,亚洲,292143474.78
2026-07,电动载人汽车,泰国,THA,亚洲,224235716.17
2026-07,电动载人汽车,巴西,BRA,拉美,154912737.43
2026-07,电动载人汽车,墨西哥,MEX,拉美,266498612.56
2026-07,电动载人汽车,澳大利亚,AUS,大洋洲,188866713.31
2026-07,电动载人汽车,沙特阿拉伯,SAU,中东,120125621.8
2026-07,锂离子蓄电池,美国,USA,北美,346962310.32
2026-07,锂离子蓄电池,德国,DEU,欧洲,519585998.54
2026-07,锂离子蓄电池,荷兰,NLD,欧洲,371478123.38
2026-07,锂离子蓄电池,英国,GBR,欧洲,239138313.06
2026-07,锂离子蓄电池,日本,JPN,亚洲,363891696.09
2026-07,锂离子蓄电池,韩国,KOR,亚洲,256549281.57
2026-07,锂离子蓄电池,越南,VNM,亚洲,172657368.75
2026-07,锂离子蓄电池,泰国,THA,亚洲,308942528.36
2026-07,锂离子蓄电池,巴西,BRA,拉美,231639606.31
2026-07,锂离子蓄电池,墨西哥,MEX,拉美,149345358.25
2026-07,锂离子蓄电池,澳大利亚,AUS,大洋洲,263926149.17
2026-07,锂离子蓄电池,沙特阿拉伯,SAU,中东,184229329.57
2026-07,太阳能电池,美国,USA,北美,220708567.13
2026-07,太阳能电池,德国,DEU,欧洲,143937226.46
2026-07,太阳能电池,荷兰,NLD,欧洲,224697604.59
2026-07,太阳能电池,英国,GBR,欧洲,155028324.52
2026-07,太阳能电池,日本,JPN,亚洲,96294825.19
2026-07,太阳能电池,韩国,KOR,亚洲,158060162.68
2026-07,太阳能电池,越南,VNM,亚洲,115131472.37
2026-07,太阳能电池,泰国,THA,亚洲,77072187.07
2026-07,太阳能电池,巴西,BRA,拉美,144245193.57
2026-07,太阳能电池,墨西哥,MEX,拉美,102351421.59
2026-07,太阳能电池,澳大利亚,AUS,大洋洲,158199722.51
2026-07,太阳能电池,沙特阿拉伯,SAU,中东,117349950.51
2026-08,电动载人汽车,美国,USA,北美,225827800.42
2026-08,电动载人汽车,德国,DEU,欧洲,378738838.25
2026-08,电动载人汽车,荷兰,NLD,欧洲,245588093.8
2026-08,电动载人汽车,英国,GBR,欧洲,354795352.8
2026-08,电动载人汽车,日本,JPN,亚洲,251694548.79
2026-08,电动载人汽车,韩国,KOR,亚洲,173174509.73
2026-08,电动载人汽车,越南,VNM,亚洲,293987855.69
2026-08,电动载人汽车,泰国,THA,亚洲,223342703.99
2026-08,电动载人汽车,巴西,BRA,拉美,148852930.54
2026-08,电动载人汽车,墨西哥,MEX,拉美,248618726.14
2026-08,电动载人汽车,澳大利亚,AUS,大洋洲,177025329.82
2026-08,电动载人汽车,沙特阿拉伯,SAU,中东,116982233.79
2026-08,锂离子蓄电池,美国,USA,北美,367980871.31
2026-08,锂离子蓄电池,德国,DEU,欧洲,538630204.93
2026-08,锂离子蓄电池,荷兰,NLD,欧洲,370412919.62
2026-08,锂离子蓄电池,英国,GBR,欧洲,233556887.38
2026-08,锂离子蓄电池,日本,JPN,亚洲,362115187.7
2026-08,锂离子蓄电池,韩国,KOR,亚洲,266748335.2
2026-08,锂离子蓄电池,越南,VNM,亚洲,184439391.4
2026-08,锂离子蓄电池,泰国,THA,亚洲,325773781.91
2026-08,锂离子蓄电池,巴西,BRA,拉美,235207775.52
2026-08,锂离子蓄电池,墨西哥,MEX,拉美,147301576.11
2026-08,锂离子蓄电池,澳大利亚,AUS,大洋洲,262181613.07
2026-08,锂离子蓄电池,沙特阿拉伯,SAU,中东,190583409.09
2026-08,太阳能电池,美国,USA,北美,243492491.16
2026-08,太阳能电池,德国,DEU,欧洲,155296588.5
2026-08,太阳能电池,荷兰,NLD,欧洲,233875840.12
2026-08,太阳能电池,英国,GBR,欧洲,158526993.26
2026-08,太阳能电池,日本,JPN,亚洲,100351693.61
2026-08,太阳能电池,韩国,KOR,亚洲,171574961.6
2026-08,太阳能电池,越南,VNM,亚洲,127990480.71
2026-08,太阳能电池,泰国,THA,亚洲,84545421.21
2026-08,太阳能电池,巴西,BRA,拉美,152740635.17
2026-08,太阳能电池,墨西哥,MEX,拉美,105623248.72
2026-08,太阳能电池,澳大利亚,AUS,大洋洲,164633032.93
2026-08,太阳能电池,沙特阿拉伯,SAU,中东,126874392.02
2026-09,电动载人汽车,美国,USA,北美,227610458.07
2026-09,电动载人汽车,德国,DEU,欧洲,367188539.61
2026-09,电动载人汽车,荷兰,NLD,欧洲,232975250.31
2026-09,电动载人汽车,英国,GBR,欧洲,342531006.34
2026-09,电动载人汽车,日本,JPN,亚洲,253836568.02
2026-09,电动载人汽车,韩国,KOR,亚洲,179604617.89
2026-09,电动载人汽车,越南,VNM,亚洲,301337990.8
2026-09,电动载人汽车,泰国,THA,亚洲,220524222.43
2026-09,电动载人汽车,巴西,BRA,拉美,142654559.34
2026-09,电动载人汽车,墨西哥,MEX,拉美,239674605.45
2026-09,电动载人汽车,澳大利亚,AUS,大洋洲,177615082.78
2026-09,电动载人汽车,沙特阿拉伯,SAU,中东,121734829.08
2026-09,锂离子蓄电池,美国,USA,北美,392323598.74
2026-09,锂离子蓄电池,德国,DEU,欧洲,553015268.04
2026-09,锂离子蓄电池,荷兰,NLD,欧洲,373097895.79
2026-09,锂离子蓄电池,英国,GBR,欧洲,239828313.38
2026-09,锂离子蓄电池,日本,JPN,亚洲,388067065.38
2026-09,锂离子蓄电池,韩国,KOR,亚洲,293210842.01
2026-09,锂离子蓄电池,越南,VNM,亚洲,200001985.57
2026-09,锂离子蓄电池,泰国,THA,亚洲,340455798.43
2026-09,锂离子蓄电池,巴西,BRA,拉美,239155398.61
2026-09,锂离子蓄电池,墨西哥,MEX,拉美,150997969.1
2026-09,锂离子蓄电池,澳大利亚,AUS,大洋洲,279677066.31
2026-09,锂离子蓄电池,沙特阿拉伯,SAU,中东,210356739.81
2026-09,太阳能电池,美国,USA,北美,262005578.93
2026-09,太阳能电池,德国,DEU,欧洲,161548250.13
2026-09,太阳能电池,荷兰,NLD,欧洲,239286998.08
2026-09,太阳能电池,英国,GBR,欧洲,165129756.2
2026-09,太阳能电池,日本,JPN,亚洲,108621809.14
2026-09,太阳能电池,韩国,KOR,亚洲,189948464.6
2026-09,太阳能电池,越南,VNM,亚洲,139948844.06
2026-09,太阳能电池,泰国,THA,亚洲,89423113.85
2026-09,太阳能电池,巴西,BRA,拉美,157690517.29
2026-09,太阳能电池,墨西哥,MEX,拉美,109924028.14
2026-09,太阳能电池,澳大利亚,AUS,大洋洲,177608104.61
2026-09,太阳能电池,沙特阿拉伯,SAU,中东,141100675.26
2026-10,电动载人汽车,美国,USA,北美,228257464.6
2026-10,电动载人汽车,德国,DEU,欧洲,360719867.91
2026-10,电动载人汽车,荷兰,NLD,欧洲,233216828.62
2026-10,电动载人汽车,英国,GBR,欧洲,358249628.26
2026-10,电动载人汽车,日本,JPN,亚洲,272722048.81
2026-10,电动载人汽车,韩国,KOR,亚洲,190464280.55
2026-10,电动载人汽车,越南,VNM,亚洲,307723492.01
2026-10,电动载人汽车,泰国,THA,亚洲,218772377.62
2026-10,电动载人汽车,巴西,BRA,拉美,142552677.75
2026-10,电动载人汽车,墨西哥,MEX,拉美,249410628.47
2026-10,电动载人汽车,澳大利亚,AUS,大洋洲,191547368.79
2026-10,电动载人汽车,沙特阿拉伯,SAU,中东,131042773.86
2026-10,锂离子蓄电池,美国,USA,北美,408903003.05
2026-10,锂离子蓄电池,德国,DEU,欧洲,566332929.55
2026-10,锂离子蓄电池,荷兰,NLD,欧洲,389365073.45
2026-10,锂离子蓄电池,英国,GBR,欧洲,260645928.1
2026-10,锂离子蓄电池,日本,JPN,亚洲,431866574.86
2026-10,锂离子蓄电池,韩国,KOR,亚洲,322001587.47
2026-10,锂离子蓄电池,越南,VNM,亚洲,212057145.65
2026-10,锂离子蓄电池,泰国,THA,亚洲,351852485.41
2026-10,锂离子蓄电池,巴西,BRA,拉美,249242306.09
2026-10,锂离子蓄电池,墨西哥,MEX,拉美,163458974.93
2026-10,锂离子蓄电池,澳大利亚,AUS,大洋洲,312623001.48
2026-10,锂离子蓄电池,沙特阿拉伯,SAU,中东,234431178.67
2026-10,太阳能电池,美国,USA,北美,268412192.0
2026-10,太阳能电池,德国,DEU,欧洲,162861121.43
2026-10,太阳能电池,荷兰,NLD,欧洲,245284985.43
2026-10,太阳能电池,英国,GBR,欧洲,175537282.94
2026-10,太阳能电池,日本,JPN,亚洲,118018032.4
2026-10,太阳能电池,韩国,KOR,亚洲,204078342.39
2026-10,太阳能电池,越南,VNM,亚洲,145712876.16
2026-10,太阳能电池,泰国,THA,亚洲,90969372.26
2026-10,太阳能电池,巴西,BRA,拉美,161582186.15
2026-10,太阳能电池,墨西哥,MEX,拉美,116524256.92
2026-10,太阳能电池,澳大利亚,AUS,大洋洲,193847531.83
2026-10,太阳能电池,沙特阿拉伯,SAU,中东,153703874.14
2026-11,电动载人汽车,美国,USA,北美,231039088.18
2026-11,电动载人汽车,德国,DEU,欧洲,372222296.46
2026-11,电动载人汽车,荷兰,NLD,欧洲,251115272.34
2026-11,电动载人汽车,英国,GBR,欧洲,395592765.21
2026-11,电动载人汽车,日本,JPN,亚洲,297085360.47
2026-11,电动载人汽车,韩国,KOR,亚洲,199984056.29
2026-11,电动载人汽车,越南,VNM,亚洲,314411666.87
2026-11,电动载人汽车,泰国,THA,亚洲,225366492.31
2026-11,电动载人汽车,巴西,BRA,拉美,152794326.54
2026-11,电动载人汽车,墨西哥,MEX,拉美,276557167.3
2026-11,电动载人汽车,澳大利亚,AUS,大洋洲,211804811.51
2026-11,电动载人汽车,沙特阿拉伯,SAU,中东,140158666.34
2026-11,锂离子蓄电池,美国,USA,北美,418338733.5
2026-11,锂离子蓄电池,德国,DEU,欧洲,589820655.78
2026-11,锂离子蓄电池,荷兰,NLD,欧洲,421294825.17
2026-11,锂离子蓄电池,英国,GBR,欧洲,288423795.82
2026-11,锂离子蓄电池,日本,JPN,亚洲,472045802.58
2026-11,锂离子蓄电池,韩国,KOR,亚洲,340518235.48
2026-11,锂离子蓄电池,越南,VNM,亚洲,218915503.42
2026-11,锂离子蓄电池,泰国,THA,亚洲,366134743.99
2026-11,锂离子蓄电池,巴西,BRA,拉美,268799435.84
2026-11,锂离子蓄电池,墨西哥,MEX,拉美,181703825.45
2026-11,锂离子蓄电池,澳大利亚,AUS,大洋洲,346607049.86
2026-11,锂离子蓄电池,沙特阿拉伯,SAU,中东,252247293.59
2026-11,太阳能电池,美国,USA,北美,263891991.58
2026-11,太阳能电池,德国,DEU,欧洲,162618590.34
2026-11,太阳能电池,荷兰,NLD,欧洲,253673392.25
2026-11,太阳能电池,英国,GBR,欧洲,185540718.12
2026-11,太阳能电池,日本,JPN,亚洲,123492653.18
2026-11,太阳能电池,韩国,KOR,亚洲,207194822.0
2026-11,太阳能电池,越南,VNM,亚洲,144582997.64
2026-11,太阳能电池,泰国,THA,亚洲,90836056.5
2026-11,太阳能电池,巴西,BRA,拉美,166684672.43
2026-11,太阳能电池,墨西哥,MEX,拉美,123706459.26
2026-11,太阳能电池,澳大利亚,AUS,大洋洲,205580155.0
2026-11,太阳能电池,沙特阿拉伯,SAU,中东,158665654.99
2026-12,电动载人汽车,美国,USA,北美,241899265.71
2026-12,电动载人汽车,德国,DEU,欧洲,405764063.98
2026-12,电动载人汽车,荷兰,NLD,欧洲,280271158.55
2026-12,电动载人汽车,英国,GBR,欧洲,435730094.87
2026-12,电动载人汽车,日本,JPN,亚洲,315988954.74
2026-12,电动载人汽车,韩国,KOR,亚洲,207364780.3
2026-12,电动载人汽车,越南,VNM,亚洲,328755929.58
2026-12,电动载人汽车,泰国,THA,亚洲,244723273.12
2026-12,电动载人汽车,巴西,BRA,拉美,171293822.39
2026-12,电动载人汽车,墨西哥,MEX,拉美,309114318.99
2026-12,电动载人汽车,澳大利亚,AUS,大洋洲,229347631.42
2026-12,电动载人汽车,沙特阿拉伯,SAU,中东,147087719.58
2026-12,锂离子蓄电池,美国,USA,北美,428256357.13
2026-12,锂离子蓄电池,德国,DEU,欧洲,626070975.09
2026-12,锂离子蓄电池,荷兰,NLD,欧洲,457049831.02
2026-12,锂离子蓄电池,英国,GBR,欧洲,309446448.38
2026-12,锂离子蓄电池,日本,JPN,亚洲,490869667.36
2026-12,锂离子蓄电池,韩国,KOR,亚洲,345989519.78
2026-12,锂离子蓄电池,越南,VNM,亚洲,224030252.89
2026-12,锂离子蓄电池,泰国,THA,亚洲,387560655.32
2026-12,锂离子蓄电池,巴西,BRA,拉美,292933133.23
2026-12,锂离子蓄电池,墨西哥,MEX,拉美,197649572.68
2026-12,锂离子蓄电池,澳大利亚,AUS,大洋洲,366556932.7
2026-12,锂离子蓄电池,沙特阿拉伯,SAU,中东,259306480.9
2026-12,太阳能电池,美国,USA,北美,255537623.29
2026-12,太阳能电池,德国,DEU,欧洲,163050991.62
2026-12,太阳能电池,荷兰,NLD,欧洲,260103685.84
2026-12,太阳能电池,英国,GBR,欧洲,188502620.41
2026-12,太阳能电池,日本,JPN,亚洲,121779054.45
2026-12,太阳能电池,韩国,KOR,亚洲,199597481.86
2026-12,太阳能电池,越南,VNM,亚洲,140039931.01
2026-12,太阳能电池,泰国,THA,亚洲,90845868.7
2026-12,太阳能电池,巴西,BRA,拉美,171621798.49
2026-12,太阳能电池,墨西哥,MEX,拉美,127350086.01
2026-12,太阳能电池,澳大利亚,AUS,大洋洲,206119117.52
2026-12,太阳能电池,沙特阿拉伯,SAU,中东,154679044.35
2027-01,电动载人汽车,美国,USA,北美,262129862.42
2027-01,电动载人汽车,德国,DEU,欧洲,449645433.68
2027-01,电动载人汽车,荷兰,NLD,欧洲,306813776.3
2027-01,电动载人汽车,英国,GBR,欧洲,461573079.97
2027-01,电动载人汽车,日本,JPN,亚洲,326801356.88
2027-01,电动载人汽车,韩国,KOR,亚洲,216160793.06
2027-01,电动载人汽车,越南,VNM,亚洲,355104662.5
2027-01,电动载人汽车,泰国,THA,亚洲,272425908.64
2027-01,电动载人汽车,巴西,BRA,拉美,190195805.52
2027-01,电动载人汽车,墨西哥,MEX,拉美,333157104.4
2027-01,电动载人汽车,澳大利亚,AUS,大洋洲,239998597.7
2027-01,电动载人汽车,沙特阿拉伯,SAU,中东,153578690.89
2027-01,锂离子蓄电池,美国,USA,北美,442005450.52
2027-01,锂离子蓄电池,德国,DEU,欧洲,660427350.59
2027-01,锂离子蓄电池,荷兰,NLD,欧洲,477339995.39
2027-01,锂离子蓄电池,英国,GBR,欧洲,313594983.83
2027-01,锂离子蓄电池,日本,JPN,亚洲,486163651.23
2027-01,锂离子蓄电池,韩国,KOR,亚洲,344815642.57
2027-01,锂离子蓄电池,越南,VNM,亚洲,230639368.48
2027-01,锂离子蓄电池,泰国,THA,亚洲,410619680.28
2027-01,锂离子蓄电池,巴西,BRA,拉美,310062301.89
2027-01,锂离子蓄电池,墨西哥,MEX,拉美,203652628.83
2027-01,锂离子蓄电池,澳大利亚,AUS,大洋洲,367323615.0
2027-01,锂离子蓄电池,沙特阿拉伯,SAU,中东,259037706.19
2027-01,太阳能电池,美国,USA,北美,248946052.65
2027-01,太阳能电池,德国,DEU,欧洲,162626180.93
2027-01,太阳能电池,荷兰,NLD,欧洲,257187624.35
2027-01,太阳能电池,英国,GBR,欧洲,180825983.03
2027-01,太阳能电池,日本,JPN,亚洲,113992741.85
2027-01,太阳能电池,韩国,KOR,亚洲,187711421.96
2027-01,太阳能电池,越南,VNM,亚洲,136040620.54
2027-01,太阳能电池,泰国,THA,亚洲,90959224.0
2027-01,太阳能电池,巴西,BRA,拉美,171942768.23
2027-01,太阳能电池,墨西哥,MEX,拉美,124236620.18
2027-01,太阳能电池,澳大利亚,AUS,大洋洲,195315887.8
2027-01,太阳能电池,沙特阿拉伯,SAU,中东,145861232.28
